User_Id,Place_Id,Place_Ratings
1,179,3
1,149,2
1,5,5
1,178,3
1,101,4
1,117,2
1,63,5
1,20,4
1,154,2
1,3,5
1,103,3
1,13,5
1,89,3
1,15,5
1,41,5
1,141,4
1,67,4
1,97,3
1,27,3
1,76,2
1,38,3
1,51,4
1,70,5
1,21,2
1,133,2
1,112,4
1,107,2
1,48,2
2,147,2
2,2,5
2,127,4
2,23,3
2,85,4
2,176,3
2,78,5
2,111,2
2,107,2
2,185,2
2,194,2
2,47,5
2,105,2
2,17,5
2,13,5
2,86,2
2,167,2
2,189,5
2,36,4
2,0,2
2,172,2
2,166,2
2,18,5
2,126,3
2,67,3
3,28,5
3,17,5
3,124,5
3,115,3
3,31,3
3,7,5
3,48,2
3,88,3
3,55,2
3,118,2
3,54,2
3,70,3
3,33,4
3,32,2
3,86,4
3,105,5
3,131,4
3,187,2
3,193,2
3,176,2
3,104,3
3,24,4
3,128,5
3,134,3
3,42,3
3,100,4
3,3,5
4,50,2
4,181,2
4,73,4
4,47,4
4,82,3
4,153,5
4,19,3
4,88,3
4,4,4
4,182,3
4,43,5
4,15,4
4,91,3
4,193,5
4,117,3
4,44,2
4,14,5
4,16,3
4,188,2
4,34,2
4,95,3
4,5,5
4,99,5
4,114,5
4,74,2
4,97,2
5,31,4
5,138,2
5,46,5
5,5,2
5,105,4
5,126,3
5,68,5
5,55,5
5,44,4
5,9,5
5,166,3
5,151,5
5,4,3
5,61,3
5,159,2
5,7,5
5,1,2
5,17,3
5,106,2
5,143,4
5,27,2
5,88,4
5,190,2
5,67,4
5,186,3
5,173,3
5,43,4
5,30,3
5,140,3
5,115,3
6,43,4
6,139,2
6,153,2
6,24,2
6,178,3
6,71,3
6,92,2
6,64,5
6,102,4
6,166,5
6,62,2
6,48,5
6,151,5
6,116,5
6,164,2
6,121,4
6,190,4
6,8,5
6,88,5
6,119,2
6,3,2
6,4,4
6,103,3
6,20,2
6,29,5
6,184,4
6,187,2
7,60,5
7,74,3
7,18,3
7,33,3
7,126,5
7,192,5
7,181,4
7,183,5
7,129,4
7,108,4
7,101,3
7,42,5
7,99,4
7,88,4
7,148,3
7,13,2
7,182,5
7,52,4
7,31,3
7,103,4
7,95,4
7,190,5
7,77,5
7,107,2
8,158,5
8,106,3
8,95,2
8,127,5
8,111,4
8,98,5
8,40,4
8,45,2
8,173,3
8,3,5
8,5,5
8,89,3
8,43,4
8,143,5
8,80,3
8,25,5
8,130,3
8,28,5
8,164,5
8,72,4
8,7,3
8,56,2
8,30,3
8,99,4
9,12,3
9,1,4
9,16,4
9,55,4
9,30,3
9,51,5
9,115,4
9,27,4
9,109,4
9,11,3
9,28,5
9,69,3
9,47,3
9,13,3
9,58,4
9,70,4
9,136,4
9,188,4
9,54,3
9,26,4
9,183,5
9,38,4
9,95,5
9,105,2
9,9,2
9,146,5
10,145,3
10,36,4
10,168,5
10,12,2
10,134,5
10,85,4
10,41,4
10,95,5
10,149,3
10,18,5
10,42,3
10,90,5
10,75,4
10,63,5
10,10,5
10,73,3
10,39,3
10,89,3
10,15,3
10,35,4
10,2,3
10,144,3
10,159,2
10,77,2
10,23,2
10,67,5
11,34,2
11,31,2
11,115,3
11,40,3
11,107,3
11,37,5
11,127,5
11,109,2
11,146,4
11,11,2
11,97,4
11,41,3
11,160,4
11,82,2
11,181,4
11,16,4
11,186,4
11,88,3
11,183,2
11,151,5
11,149,2
11,6,5
11,150,2
11,5,5
12,39,3
12,194,3
12,27,2
12,41,3
12,49,5
12,174,5
12,94,5
12,31,4
12,79,4
12,72,5
12,183,5
12,70,4
12,106,5
12,46,4
12,65,2
12,8,5
12,184,4
12,139,4
12,5,5
12,141,2
12,117,5
12,154,5
12,71,5
12,107,3
12,75,5
12,30,5
12,52,3
12,102,5
12,128,2
12,98,5
12,82,4
12,12,3
13,8,2
13,65,2
13,176,5
13,32,4
13,19,5
13,20,2
13,114,5
13,34,2
13,56,5
13,70,4
13,129,4
13,75,5
13,101,2
13,191,2
13,156,3
13,177,2
13,47,5
13,16,2
13,95,2
13,163,4
13,178,2
13,142,5
13,50,4
14,67,5
14,130,3
14,32,4
14,88,2
14,118,4
14,149,2
14,64,5
14,181,5
14,173,3
14,6,2
14,167,3
14,11,2
14,35,5
14,54,2
14,109,3
14,96,2
14,50,2
14,8,4
14,38,3
14,45,5
14,99,2
14,59,3
14,79,4
14,186,4
14,91,5
14,133,5
14,176,4
14,171,3
15,103,3
15,82,3
15,90,5
15,147,5
15,45,3
15,153,2
15,23,5
15,170,5
15,145,3
15,65,5
15,174,4
15,187,4
15,74,3
15,102,4
15,21,2
15,95,3
15,172,5
15,12,4
15,89,2
15,126,2
15,53,2
15,160,5
15,27,3
15,44,3
15,9,4
15,165,3
15,80,2
15,142,2
15,119,4
15,24,2
15,162,3
16,69,2
16,68,2
16,97,2
16,89,3
16,8,4
16,73,2
16,6,3
16,57,2
16,44,3
16,80,4
16,150,4
16,24,5
16,67,4
16,190,2
16,164,5
16,71,4
16,30,4
16,0,2
16,127,5
16,23,4
16,121,3
16,42,4
16,189,4
16,132,5
16,26,2
16,152,3
16,167,3
16,75,5
17,16,4
17,144,2
17,72,5
17,189,5
17,176,4
17,19,2
17,123,5
17,104,4
17,37,2
17,61,4
17,11,3
17,134,4
17,181,2
17,41,3
17,98,5
17,4,3
17,20,4
17,33,5
17,42,3
17,70,4
17,78,4
17,154,5
17,173,5
17,24,4
17,93,4
17,135,3
17,3,2
17,47,4
17,2,3
17,145,3
17,27,4
17,32,2
17,113,2
17,15,4
17,92,3
17,8,3
17,84,4
17,126,3
17,67,2
17,112,3
17,94,4
17,151,2
18,102,3
18,137,2
18,80,5
18,49,4
18,180,3
18,71,4
18,182,5
18,54,4
18,176,5
18,2,2
18,151,5
18,65,4
18,15,5
18,8,3
18,88,3
18,50,4
18,22,2
18,147,4
18,101,5
18,162,4
18,77,3
18,23,2
18,185,3
18,36,2
18,46,4
18,184,3
18,6,5
18,113,2
18,111,4
18,9,3
18,40,5
18,66,2
19,194,5
19,33,2
19,27,3
19,10,3
19,112,3
19,42,2
19,168,3
19,132,4
19,5,2
19,28,4
19,84,2
19,0,4
19,34,5
19,100,3
19,52,3
19,149,2
19,8,2
19,56,3
19,9,3
19,38,5
19,165,4
19,17,3
19,170,5
19,136,3
19,124,4
19,57,5
19,122,3
19,127,5
19,15,5
19,138,4
19,36,5
19,151,3
19,40,4
19,3,3
19,187,4
19,192,5
19,2,5
19,18,2
20,81,3
20,9,2
20,142,2
20,179,3
20,32,5
20,7,5
20,39,3
20,136,3
20,83,3
20,90,2
20,21,3
20,192,2
20,140,4
20,108,4
20,67,4
20,14,2
20,107,5
20,35,4
20,22,3
20,165,2
20,132,5
20,163,2
20,44,4
20,180,5
20,159,4
20,145,2
20,154,2
20,151,3
20,46,3
20,84,3
20,99,2
20,149,2
21,23,5
21,21,4
21,147,3
21,121,2
21,178,5
21,38,4
21,64,3
21,101,4
21,102,2
21,46,4
21,167,2
21,37,4
21,14,3
21,177,4
21,88,5
21,74,3
21,113,3
21,44,2
21,128,2
21,22,5
21,45,2
22,179,4
22,137,2
22,54,4
22,30,5
22,139,5
22,120,3
22,78,2
22,62,4
22,49,2
22,103,5
22,17,3
22,24,5
22,77,3
22,84,2
22,68,2
22,135,3
22,169,3
22,45,2
22,153,4
22,18,5
22,2,2
22,113,2
22,124,3
22,79,3
22,127,4
22,176,3
22,171,2
22,37,5
22,47,4
23,14,4
23,44,2
23,156,4
23,97,5
23,152,3
23,147,5
23,8,4
23,141,2
23,18,4
23,28,3
23,142,4
23,151,2
23,153,5
23,42,2
23,29,2
23,60,4
23,112,5
23,85,4
23,49,3
23,165,4
23,190,3
23,86,5
23,177,4
23,144,3
23,65,4
23,17,4
23,45,4
23,7,3
23,189,4
23,6,2
24,148,3
24,96,2
24,192,4
24,124,5
24,149,3
24,5,2
24,163,2
24,161,4
24,24,2
24,29,3
24,33,2
24,66,3
24,113,2
24,132,2
24,177,4
24,183,3
24,98,4
24,37,5
24,69,2
24,91,5
24,143,2
24,116,5
24,191,5
25,53,2
25,2,4
25,104,3
25,191,3
25,182,4
25,116,3
25,142,5
25,58,4
25,131,3
25,14,5
25,133,4
25,26,5
25,190,3
25,176,4
25,33,3
25,52,3
25,94,4
25,55,5
25,157,2
25,183,3
25,173,3
25,141,3
25,16,5
25,85,2
25,172,4
25,73,3
25,89,3
25,11,3
25,60,2
25,77,4
25,91,4
25,88,5
26,15,2
26,36,5
26,55,4
26,174,3
26,137,3
26,124,5
26,102,3
26,56,5
26,162,2
26,16,5
26,65,5
26,51,3
26,85,3
26,161,3
26,167,5
26,4,3
26,14,5
26,32,3
26,93,3
26,83,5
26,148,5
26,44,3
26,49,3
26,31,5
26,105,4
26,128,5
26,8,3
26,80,5
26,13,4
26,53,5
26,160,4
26,125,5
26,173,4
27,113,4
27,185,3
27,3,3
27,103,5
27,181,5
27,78,3
27,121,3
27,88,2
27,179,4
27,174,4
27,116,3
27,48,3
27,30,5
27,123,5
27,81,2
27,143,3
27,26,2
27,100,3
27,96,2
27,18,2
27,194,5
27,0,4
27,92,3
27,17,5
27,68,2
27,95,2
27,75,5
27,107,3
27,138,2
27,158,3
27,182,3
27,70,4
27,46,3
27,183,3
28,102,5
28,158,2
28,149,4
28,163,5
28,9,5
28,141,3
28,74,4
28,96,4
28,187,4
28,28,2
28,26,4
28,143,5
28,17,3
28,93,2
28,11,4
28,165,2
28,82,2
28,27,4
28,83,5
28,164,3
28,131,5
28,88,5
28,92,5
28,16,4
28,190,4
28,60,4
28,91,5
28,169,3
28,20,5
28,90,3
28,110,5
28,162,3
28,8,2
28,168,4
28,6,2
28,33,4
28,117,5
28,7,5
29,144,5
29,168,3
29,114,2
29,7,3
29,127,5
29,38,4
29,40,5
29,72,5
29,133,5
29,174,3
29,41,4
29,28,2
29,68,5
29,32,3
29,96,2
29,95,3
29,12,5
29,18,3
29,193,2
29,103,2
29,51,3
29,191,4
29,19,3
29,124,2
29,104,3
29,105,4
29,147,5
29,39,3
29,62,3
29,123,3
29,71,2
30,77,2
30,44,3
30,128,3
30,99,2
30,164,4
30,178,2
30,5,5
30,2,2
30,41,4
30,12,2
30,122,3
30,1,5
30,71,4
30,45,3
30,120,2
30,83,2
30,76,2
30,21,4
30,10,4
30,24,2
30,172,2
30,74,3
30,118,5
30,157,5
30,68,2
30,87,5
30,42,2
30,151,3
30,182,5
30,82,2
30,31,4
31,5,5
31,190,4
31,183,4
31,84,5
31,37,2
31,96,2
31,36,5
31,43,3
31,177,5
31,101,2
31,129,2
31,133,3
31,105,3
31,134,3
31,107,5
31,86,3
31,94,4
31,56,2
31,150,2
31,110,2
31,179,5
31,6,2
31,191,2
31,130,2
31,39,3
31,127,2
31,102,3
31,19,2
31,126,5
31,187,3
31,49,4
31,20,3
31,132,2
31,34,2
31,78,5
31,142,3
31,7,4
31,12,2
31,72,4
32,51,4
32,172,3
32,17,3
32,102,3
32,28,2
32,127,3
32,103,5
32,77,2
32,43,3
32,41,3
32,167,5
32,5,4
32,62,3
32,84,4
32,54,2
32,117,5
32,164,3
32,166,2
32,87,5
32,76,3
32,179,4
32,147,2
32,12,5
32,61,3
32,122,4
32,128,4
32,141,5
32,133,3
32,162,2
32,79,3
32,149,3
32,46,4
33,129,2
33,134,4
33,150,5
33,145,3
33,193,2
33,142,4
33,78,4
33,26,3
33,39,5
33,80,4
33,38,2
33,84,2
33,108,3
33,74,5
33,73,3
33,69,2
33,174,3
33,122,2
33,189,2
33,113,3
33,18,2
33,70,4
33,136,5
33,8,4
33,75,2
33,41,5
33,34,3
33,36,2
33,45,4
33,23,3
33,101,2
33,61,4
33,109,3
33,29,2
34,16,5
34,146,3
34,52,4
34,183,3
34,35,4
34,103,3
34,174,2
34,33,3
34,71,3
34,190,4
34,147,4
34,108,3
34,9,4
34,86,3
34,120,2
34,66,3
34,2,3
34,24,4
34,46,5
34,176,4
34,43,4
35,185,5
35,60,3
35,106,4
35,126,3
35,121,2
35,39,2
35,36,2
35,188,3
35,135,3
35,123,2
35,158,2
35,12,5
35,133,4
35,149,4
35,84,5
35,5,2
35,109,2
35,141,2
35,113,3
35,46,2
35,82,5
35,136,3
35,148,2
35,124,4
35,177,4
35,59,5
36,128,4
36,184,4
36,162,3
36,43,4
36,117,5
36,120,3
36,21,2
36,32,5
36,55,2
36,95,2
36,68,2
36,4,2
36,19,5
36,190,2
36,133,3
36,23,5
36,1,4
36,181,3
36,138,4
36,136,3
36,172,5
36,24,4
36,79,4
36,83,3
36,14,2
36,139,4
36,47,3
36,159,3
36,35,5
36,123,3
36,39,2
37,121,2
37,117,2
37,176,2
37,183,2
37,43,5
37,34,4
37,52,2
37,93,5
37,18,4
37,171,2
37,105,5
37,116,2
37,167,5
37,65,3
37,131,3
37,6,3
37,172,3
37,72,4
37,63,5
37,103,3
37,92,5
37,132,3
37,61,2
37,23,3
37,60,5
37,190,4
37,129,4
37,149,5
37,14,3
37,135,3
38,173,2
38,190,2
38,40,2
38,79,2
38,169,3
38,17,3
38,41,2
38,4,4
38,70,4
38,155,3
38,1,2
38,132,5
38,90,2
38,13,5
38,29,5
38,95,2
38,20,5
38,117,4
38,21,5
38,11,5
38,118,4
38,86,4
38,58,2
38,7,3
38,159,5
38,42,4
38,131,5
38,53,5
38,154,4
38,30,3
38,103,3
38,0,4
38,74,3
38,170,5
38,32,3
38,69,3
39,167,3
39,171,4
39,93,4
39,46,4
39,85,5
39,98,4
39,55,4
39,65,3
39,110,5
39,59,4
39,127,4
39,191,2
39,23,5
39,36,5
39,74,3
39,176,4
39,13,3
39,124,2
39,165,4
39,25,4
39,161,4
39,18,4
39,145,3
40,24,5
40,19,3
40,1,2
40,62,5
40,189,5
40,59,5
40,137,5
40,89,3
40,16,3
40,103,3
40,49,5
40,176,3
40,159,4
40,179,3
40,20,5
40,154,2
40,12,4
40,91,3
40,86,2
40,21,2
40,106,4
40,82,3
40,87,2
40,52,3
40,178,2
40,185,4
40,192,2
40,163,2
40,37,4
40,184,3
40,99,3
40,174,4
40,8,4
40,2,5
40,7,3
40,60,2
40,138,2
40,63,4
40,57,3
40,44,4
41,42,5
41,148,4
41,179,4
41,184,4
41,193,3
41,129,2
41,113,4
41,1,5
41,141,2
41,45,4
41,37,4
41,156,2
41,187,2
41,67,4
41,168,2
41,8,2
41,162,4
41,175,3
41,189,2
41,88,4
41,63,2
41,140,5
41,6,3
41,99,2
42,7,3
42,185,5
42,117,5
42,1,5
42,72,3
42,70,2
42,105,2
42,48,3
42,115,2
42,86,4
42,180,5
42,31,3
42,178,3
42,44,2
42,27,3
42,107,5
42,84,2
42,146,2
42,102,5
42,182,2
42,103,4
42,129,2
42,111,5
42,79,5
42,148,4
42,191,2
42,33,3
43,53,5
43,171,2
43,58,5
43,82,3
43,91,5
43,121,2
43,85,4
43,20,3
43,9,2
43,25,2
43,89,5
43,135,2
43,10,3
43,16,3
43,127,2
43,6,4
43,84,5
43,87,2
43,167,4
43,192,5
43,2,3
43,180,5
43,26,2
43,39,4
43,86,5
43,52,5
43,99,4
43,4,2
44,54,4
44,56,3
44,79,3
44,114,3
44,89,2
44,11,2
44,109,3
44,136,3
44,127,5
44,118,3
44,34,5
44,178,5
44,112,5
44,15,3
44,4,5
44,150,2
44,2,3
44,160,3
44,120,4
44,124,2
44,141,3
44,14,4
44,188,3
44,7,5
44,135,3
44,22,4
44,96,2
44,187,4
44,88,4
44,18,3
44,113,5
44,122,4
44,46,4
44,80,4
44,21,4
44,173,4
45,74,2
45,109,2
45,146,4
45,157,4
45,142,5
45,94,4
45,84,3
45,138,5
45,123,4
45,136,5
45,86,4
45,47,5
45,99,5
45,26,4
45,180,5
45,80,3
45,20,5
45,170,2
45,133,5
45,77,2
45,98,4
45,164,2
45,50,2
45,2,3
45,147,5
45,78,5
45,32,5
45,101,3
45,4,3
45,23,4
45,37,3
45,148,3
45,44,3
45,75,3
45,45,2
45,38,3
46,124,5
46,43,3
46,169,5
46,56,4
46,89,4
46,102,2
46,39,4
46,107,4
46,154,5
46,126,5
46,5,2
46,34,5
46,136,4
46,174,5
46,31,2
46,114,4
46,55,2
46,77,5
46,120,3
46,145,2
46,24,5
46,193,4
46,103,2
46,165,4
46,2,5
46,7,3
46,156,3
47,43,5
47,2,1
47,133,2
47,182,1
47,123,2
47,118,2
47,8,5
47,5,5
47,20,1
47,183,4
47,62,3
47,163,2
47,13,3
47,150,3
47,23,1
47,117,1
47,17,3
47,15,2
47,136,1
47,119,3
47,24,2
47,25,2
47,55,3
47,1,5
47,29,1
47,33,2
48,94,1
48,69,4
48,36,4
48,82,2
48,26,4
48,73,1
48,125,4
48,50,3
48,16,3
48,141,5
48,119,5
48,46,5
48,185,5
48,162,2
48,28,2
48,24,1
48,1,5
48,75,4
48,38,1
48,29,1
48,130,1
49,152,3
49,143,3
49,134,5
49,30,2
49,14,4
49,150,1
49,78,1
49,79,1
49,173,1
49,53,4
49,68,3
49,32,4
49,114,4
49,11,1
49,56,2
49,179,5
49,127,1
49,123,1
49,74,4
49,154,5
49,80,5
49,41,5
49,144,5
49,96,4
49,112,1
49,110,5
49,90,1
49,122,4
49,118,2
49,178,5
49,38,2
49,31,2
49,35,4
49,88,1
49,5,2
49,158,3
49,190,3
49,24,3
49,34,4
50,8,3
50,23,2
50,180,5
50,81,4
50,191,1
50,47,5
50,27,3
50,181,3
50,109,5
50,168,2
50,34,4
50,62,2
50,163,4
50,46,2
50,12,1
50,151,2
50,170,2
50,89,5
50,41,4
50,11,5
50,35,2
50,28,3
50,129,2
50,120,2
50,110,1
50,21,1
50,94,3
51,94,2
51,45,2
51,107,2
51,193,2
51,19,1
51,162,5
51,74,2
51,120,3
51,16,1
51,73,5
51,149,5
51,46,2
51,141,4
51,43,5
51,160,3
51,31,5
51,27,4
51,118,2
51,25,3
51,147,5
51,176,2
51,128,2
51,93,1
51,33,3
51,82,3
51,135,1
51,144,1
51,81,4
52,193,5
52,46,2
52,85,1
52,134,2
52,171,4
52,82,4
52,70,5
52,149,2
52,112,5
52,47,5
52,194,2
52,80,2
52,66,5
52,157,1
52,135,4
52,126,4
52,8,5
52,52,2
52,22,4
52,27,1
52,35,5
52,53,5
52,13,1
52,21,2
52,7,4
52,55,2
52,136,4
52,130,1
53,21,3
53,90,4
53,48,4
53,136,5
53,153,2
53,151,5
53,91,2
53,45,5
53,190,4
53,24,5
53,28,5
53,100,2
53,26,5
53,177,5
53,135,5
53,47,5
53,5,4
53,163,1
53,118,2
53,181,1
53,12,3
53,123,2
53,43,2
53,57,1
53,103,2
53,65,4
53,102,1
53,174,2
53,4,2
53,109,2
53,88,5
53,8,3
53,23,1
53,173,2
53,193,1
53,93,2
53,84,3
54,24,4
54,33,2
54,189,4
54,182,4
54,28,1
54,51,3
54,25,3
54,114,2
54,103,3
54,107,1
54,117,3
54,16,3
54,74,1
54,68,5
54,19,5
54,190,5
54,37,4
54,105,4
54,135,2
54,73,2
54,83,3
54,185,3
54,174,2
54,121,5
54,150,1
54,148,4
54,49,2
54,96,4
54,127,1
54,183,5
54,32,3
54,166,1
54,26,5
54,159,3
54,168,1
54,138,5
54,101,4
55,100,4
55,3,1
55,32,5
55,1,2
55,90,5
55,95,3
55,78,2
55,187,3
55,31,5
55,113,3
55,75,4
55,97,3
55,115,2
55,44,2
55,184,3
55,26,2
55,106,4
55,67,3
55,192,2
55,49,1
55,70,4
55,29,2
55,117,4
55,27,1
55,10,2
55,46,3
55,186,2
55,16,3
55,140,2
55,89,4
55,157,3
55,145,5
55,84,5
55,43,3
55,77,1
56,69,2
56,186,5
56,96,4
56,149,5
56,72,4
56,63,2
56,26,4
56,78,2
56,112,1
56,30,3
56,170,5
56,67,2
56,53,2
56,136,4
56,55,1
56,22,3
56,19,5
56,99,1
56,5,3
56,174,2
56,190,2
56,20,2
56,11,2
56,153,1
56,128,4
56,54,5
56,2,2
56,134,1
56,167,2
56,103,4
57,126,1
57,50,2
57,2,4
57,144,1
57,99,1
57,162,2
57,111,2
57,178,1
57,33,3
57,129,4
57,17,1
57,180,2
57,23,3
57,119,1
57,71,3
57,56,3
57,79,3
57,59,3
57,53,5
57,30,3
57,114,1
57,177,3
57,157,2
57,45,3
57,40,4
57,95,4
57,41,4
57,83,5
57,141,3
57,135,4
57,74,1
57,194,1
58,129,4
58,42,2
58,13,1
58,57,2
58,153,3
58,188,2
58,64,2
58,105,4
58,90,1
58,36,4
58,179,2
58,93,3
58,40,5
58,47,2
58,154,4
58,80,1
58,135,4
58,89,2
58,144,1
58,15,2
58,132,3
58,111,3
58,193,2
58,38,5
58,18,1
58,114,2
58,8,3
58,32,5
58,178,2
58,157,5
58,52,5
58,177,4
58,16,4
58,181,5
58,50,2
59,109,1
59,117,5
59,174,1
59,41,2
59,124,4
59,129,1
59,3,3
59,81,5
59,101,5
59,158,4
59,52,5
59,103,5
59,190,3
59,60,4
59,147,5
59,171,1
59,68,5
59,35,3
59,112,2
59,97,5
59,108,2
59,157,1
59,143,5
59,19,4
59,48,3
59,91,2
59,57,2
59,79,5
59,2,1
59,95,1
60,50,4
60,142,1
60,39,3
60,131,4
60,41,4
60,129,2
60,101,2
60,76,4
60,150,1
60,181,3
60,45,3
60,23,1
60,37,5
60,92,4
60,107,3
60,119,4
60,32,5
60,33,2
60,85,2
60,188,3
61,60,5
61,166,5
61,20,3
61,109,4
61,146,3
61,9,3
61,48,4
61,54,5
61,119,2
61,133,1
61,154,5
61,96,3
61,26,2
61,139,5
61,79,2
61,12,4
61,190,4
61,144,1
61,165,4
61,2,1
61,25,2
61,47,5
61,167,5
61,134,1
61,120,3
61,142,5
61,164,5
61,100,4
61,43,3
61,132,2
61,106,3
61,171,5
62,45,3
62,17,1
62,59,2
62,120,5
62,71,5
62,192,3
62,150,4
62,191,5
62,130,5
62,43,2
62,170,2
62,175,1
62,64,5
62,23,4
62,164,5
62,131,4
62,89,2
62,26,5
62,119,4
62,47,5
62,11,5
62,54,2
62,29,3
62,88,1
62,68,2
62,65,1
62,179,2
62,126,4
63,61,3
63,15,1
63,55,1
63,125,1
63,83,3
63,22,3
63,11,5
63,118,4
63,63,4
63,30,1
63,187,2
63,159,3
63,171,2
63,39,1
63,144,4
63,85,1
63,47,4
63,27,3
63,21,4
63,163,1
63,183,4
63,164,1
63,172,2
63,12,4
63,70,3
63,38,5
63,56,5
63,141,5
63,41,1
63,71,2
63,110,1
63,74,3
63,116,2
64,50,5
64,128,2
64,53,3
64,38,4
64,172,2
64,15,5
64,91,3
64,121,4
64,164,4
64,26,1
64,88,3
64,71,4
64,112,4
64,40,1
64,62,4
64,145,5
64,165,1
64,168,3
64,39,1
64,159,5
64,126,4
64,48,3
64,12,3
64,9,1
64,96,3
64,142,5
64,97,4
64,110,2
64,1,2
64,181,1
64,158,1
64,169,1
64,135,3
65,143,1
65,74,4
65,18,4
65,6,5
65,134,3
65,44,5
65,170,3
65,27,2
65,25,1
65,51,3
65,33,2
65,57,5
65,34,2
65,26,4
65,173,4
65,68,5
65,117,4
65,169,1
65,175,1
65,164,5
65,4,4
65,49,2
65,10,1
65,161,1
65,48,1
65,119,4
65,59,2
65,66,3
65,84,2
65,78,5
65,8,1
65,108,5
65,32,5
65,75,1
65,95,3
65,159,1
66,192,3
66,13,3
66,81,1
66,49,3
66,47,2
66,17,5
66,125,4
66,194,3
66,117,2
66,18,3
66,96,4
66,85,1
66,43,1
66,3,1
66,166,4
66,33,4
66,21,1
66,20,2
66,171,1
66,169,5
66,113,5
66,19,1
66,95,1
66,77,4
66,67,5
66,101,1
66,24,4
66,134,1
66,23,2
67,96,3
67,119,4
67,40,3
67,146,5
67,144,3
67,116,3
67,191,5
67,136,3
67,4,1
67,18,1
67,81,1
67,56,3
67,35,2
67,41,5
67,67,4
67,33,2
67,91,1
67,95,2
67,105,5
67,12,3
67,112,5
67,32,1
67,55,4
67,160,5
67,28,2
67,23,2
67,89,5
67,0,1
67,75,1
67,99,3
67,111,1
67,150,2
67,9,2
67,159,1
67,135,2
67,26,5
68,61,3
68,35,5
68,115,2
68,80,4
68,22,3
68,114,1
68,30,4
68,167,1
68,124,2
68,46,4
68,180,3
68,36,5
68,138,1
68,13,2
68,90,5
68,19,2
68,119,5
68,81,4
68,11,5
68,6,1
68,89,4
68,186,2
68,85,4
68,123,1
68,49,5
68,157,4
68,127,3
68,162,2
68,150,5
68,37,3
69,97,1
69,127,3
69,176,2
69,72,2
69,24,2
69,113,1
69,51,5
69,44,2
69,81,3
69,157,3
69,183,4
69,53,5
69,133,5
69,3,1
69,132,3
69,63,2
69,60,4
69,18,1
69,120,1
69,155,3
69,67,1
70,1,5
70,161,5
70,50,1
70,32,5
70,47,4
70,55,2
70,122,2
70,89,1
70,97,5
70,172,4
70,141,4
70,43,1
70,131,5
70,87,5
70,135,4
70,167,2
70,128,4
70,124,3
70,31,5
70,140,3
70,16,5
70,92,3
70,41,2
70,80,3
70,53,5
70,38,1
70,184,2
70,90,3
70,23,5
70,36,1
71,125,3
71,81,3
71,91,1
71,170,2
71,32,1
71,86,4
71,50,1
71,78,5
71,3,5
71,29,2
71,162,4
71,169,3
71,136,5
71,148,2
71,12,4
71,96,4
71,2,5
71,152,2
71,15,2
71,163,5
71,124,2
71,5,3
71,83,5
71,23,4
71,134,2
71,19,2
71,101,1
71,14,2
71,89,5
71,168,1
71,40,3
71,100,3
72,40,2
72,175,1
72,144,4
72,14,4
72,10,1
72,11,2
72,117,1
72,34,2
72,142,4
72,85,4
72,26,4
72,145,5
72,128,4
72,169,2
72,173,4
72,22,3
72,0,1
72,109,3
72,38,3
72,16,1
72,78,5
72,62,2
72,71,5
72,77,4
72,23,1
72,39,2
73,97,3
73,158,2
73,47,1
73,146,3
73,136,1
73,134,5
73,65,3
73,3,4
73,128,5
73,189,4
73,33,5
73,103,1
73,133,3
73,22,2
73,125,5
73,20,2
73,184,1
73,63,1
73,172,3
73,164,2
73,9,1
73,168,1
74,35,1
74,81,1
74,1,2
74,164,3
74,118,1
74,138,5
74,85,2
74,56,2
74,24,3
74,149,1
74,130,3
74,92,5
74,115,5
74,84,3
74,20,1
74,177,2
74,193,3
74,44,5
74,7,2
74,155,4
74,29,3
74,60,5
74,99,4
74,105,4
74,54,2
74,11,1
74,17,1
74,136,4
74,144,3
74,32,1
74,194,2
74,188,2
74,65,4
74,182,1
74,97,4
74,98,5
74,3,3
74,18,2
74,8,3
74,179,3
75,13,5
75,180,4
75,190,2
75,76,2
75,64,2
75,149,3
75,173,4
75,135,5
75,178,3
75,164,4
75,134,3
75,54,3
75,2,5
75,33,1
75,127,3
75,47,5
75,56,4
75,187,1
75,160,3
75,114,5
75,132,4
75,84,1
75,35,5
75,98,2
75,10,2
75,80,3
76,171,2
76,12,4
76,50,3
76,118,4
76,70,1
76,175,5
76,157,4
76,81,1
76,170,4
76,42,1
76,169,3
76,176,5
76,32,3
76,161,3
76,47,2
76,0,5
76,168,3
76,105,2
76,149,1
76,21,2
76,38,3
76,52,2
76,192,3
76,96,4
76,190,4
76,179,1
76,46,2
76,143,1
76,20,4
76,49,3
76,104,1
76,71,1
76,172,1
76,121,2
77,111,5
77,187,5
77,0,3
77,127,2
77,77,3
77,58,1
77,55,5
77,21,3
77,126,3
77,43,2
77,129,3
77,81,3
77,29,3
77,167,5
77,40,1
77,78,3
77,32,4
77,163,1
77,79,2
77,191,5
77,123,4
77,64,1
77,151,2
77,181,3
77,119,4
77,62,3
77,145,3
78,50,4
78,126,4
78,112,5
78,53,4
78,96,5
78,98,5
78,146,1
78,59,1
78,186,3
78,62,5
78,113,4
78,26,3
78,181,1
78,17,5
78,11,2
78,81,2
78,155,5
78,169,4
78,7,4
78,76,4
78,68,1
78,4,5
78,31,4
78,90,2
78,117,5
78,131,4
78,37,3
78,108,3
78,65,5
78,105,4
78,151,3
78,120,3
78,173,4
79,144,1
79,124,3
79,167,5
79,94,3
79,5,3
79,14,3
79,105,4
79,77,3
79,139,5
79,88,4
79,138,2
79,92,2
79,33,5
79,134,4
79,132,2
79,182,1
79,67,1
79,59,5
79,93,1
79,102,5
79,119,3
79,177,2
79,178,4
79,13,5
79,46,2
79,184,2
79,12,2
79,40,3
79,151,3
79,26,1
80,173,4
80,15,5
80,51,3
80,160,3
80,46,2
80,77,2
80,128,2
80,53,2
80,100,1
80,177,2
80,80,2
80,34,3
80,87,2
80,183,2
80,96,1
80,108,2
80,41,5
80,66,4
80,164,5
80,42,4
80,150,3
80,187,5
80,70,3
80,117,1
80,169,2
80,154,1
80,26,1
80,79,2
80,47,3
81,24,2
81,127,4
81,115,3
81,91,3
81,71,1
81,107,4
81,22,1
81,79,3
81,43,2
81,125,1
81,6,2
81,37,4
81,62,3
81,173,2
81,29,1
81,47,3
81,165,5
81,53,2
81,181,1
81,48,2
81,135,3
81,183,5
81,120,1
82,15,2
82,68,3
82,38,1
82,70,5
82,91,2
82,3,5
82,192,5
82,22,1
82,154,2
82,43,4
82,173,4
82,11,2
82,39,4
82,159,1
82,33,4
82,153,5
82,103,1
82,41,4
82,138,2
82,35,5
82,126,5
82,102,1
82,12,5
83,16,1
83,13,2
83,159,2
83,106,4
83,150,4
83,76,4
83,54,5
83,79,1
83,82,3
83,179,2
83,88,5
83,130,3
83,184,2
83,173,4
83,104,3
83,152,1
83,125,4
83,4,1
83,14,1
83,64,2
83,169,3
83,101,3
83,25,1
83,31,4
83,65,1
83,48,5
83,33,4
83,9,4
83,189,5
84,169,1
84,12,1
84,1,5
84,25,3
84,95,1
84,52,5
84,147,3
84,91,4
84,67,5
84,173,2
84,26,3
84,165,4
84,71,1
84,97,4
84,184,2
84,131,2
84,156,2
84,143,5
84,33,4
84,69,4
84,152,5
84,128,4
84,114,5
84,171,4
84,44,5
84,7,4
84,186,3
84,101,1
84,179,4
84,20,1
84,104,1
84,139,4
84,15,4
84,81,4
84,109,3
84,62,3
85,104,3
85,45,5
85,28,1
85,33,4
85,193,3
85,85,1
85,153,1
85,41,1
85,182,1
85,164,3
85,108,3
85,103,4
85,8,4
85,179,1
85,16,5
85,156,4
85,40,1
85,54,2
85,132,3
85,155,4
85,69,2
85,89,5
85,96,2
85,65,1
85,159,2
85,2,5
85,66,1
85,15,5
86,79,5
86,115,1
86,174,4
86,160,1
86,11,5
86,100,3
86,34,4
86,166,5
86,187,3
86,158,3
86,36,3
86,184,4
86,62,2
86,35,3
86,156,2
86,44,5
86,95,4
86,127,1
86,106,5
86,155,1
86,180,3
86,55,4
86,176,3
86,30,3
86,181,1
86,27,5
86,26,2
86,193,1
86,142,5
86,143,1
86,167,2
86,25,2
86,12,4
86,117,1
86,13,3
86,39,1
86,1,4
87,8,3
87,40,1
87,165,5
87,152,4
87,153,4
87,37,4
87,21,5
87,194,2
87,72,2
87,137,4
87,163,4
87,122,4
87,119,1
87,5,4
87,31,2
87,25,3
87,63,1
87,169,1
87,108,2
87,45,3
87,161,4
87,166,4
87,112,2
87,159,3
87,167,4
87,178,3
87,105,5
87,43,1
87,143,1
88,85,1
88,160,3
88,13,1
88,118,2
88,88,2
88,107,1
88,135,4
88,25,2
88,34,3
88,146,2
88,94,3
88,150,5
88,166,3
88,127,2
88,30,1
88,41,1
88,92,1
88,165,1
88,153,3
88,12,4
88,162,2
88,158,1
88,15,3
88,78,2
88,11,1
88,19,3
89,122,4
89,149,4
89,162,2
89,82,4
89,180,3
89,54,5
89,12,4
89,38,3
89,188,1
89,18,1
89,30,1
89,104,4
89,68,3
89,40,3
89,118,2
89,192,2
89,70,5
89,144,2
89,48,1
89,32,3
89,41,4
89,116,5
89,31,3
89,156,5
90,108,2
90,126,1
90,68,2
90,127,3
90,29,4
90,88,3
90,128,5
90,27,2
90,56,4
90,26,4
90,49,2
90,141,4
90,147,3
90,180,1
90,181,1
90,113,3
90,16,1
90,131,2
90,133,3
90,20,2
90,11,3
90,6,1
90,139,3
90,32,2
90,140,1
90,30,3
90,158,2
91,181,4
91,123,2
91,13,5
91,174,5
91,31,3
91,188,5
91,130,1
91,26,4
91,33,4
91,8,5
91,35,1
91,143,3
91,91,3
91,40,2
91,37,1
91,22,4
91,110,3
91,25,1
91,29,2
91,4,1
91,28,4
91,76,5
91,127,4
91,128,2
91,67,1
91,112,1
91,23,1
91,27,5
91,15,2
91,88,2
91,98,2
91,169,2
91,146,5
91,103,5
91,156,2
92,156,5
92,142,4
92,15,5
92,90,4
92,185,3
92,106,1
92,31,3
92,14,4
92,97,5
92,175,2
92,5,3
92,55,4
92,53,4
92,40,3
92,42,5
92,33,4
92,63,3
92,169,5
92,151,3
92,126,3
92,71,1
92,8,5
92,190,1
92,150,4
92,114,5
92,61,5
92,69,4
92,105,5
92,191,4
92,171,5
92,87,1
92,62,1
92,64,3
92,10,2
92,60,3
92,30,5
93,187,3
93,143,3
93,5,2
93,49,4
93,74,2
93,69,2
93,15,2
93,146,5
93,163,4
93,134,4
93,41,5
93,85,5
93,192,5
93,109,2
93,12,1
93,111,4
93,81,1
93,37,4
93,167,3
93,129,4
93,36,5
93,114,2
93,80,5
93,47,5
93,172,1
93,89,2
93,43,1
93,150,5
93,131,3
93,21,1
93,17,3
93,29,2
93,65,3
93,154,5
93,175,2
93,44,4
94,178,3
94,150,1
94,104,2
94,39,1
94,23,2
94,54,3
94,123,2
94,53,3
94,151,2
94,25,2
94,73,3
94,10,5
94,45,5
94,112,4
94,37,4
94,55,3
94,105,3
94,30,3
94,115,5
94,19,2
94,2,5
94,147,3
94,70,1
94,31,2
94,186,2
94,120,4
94,92,2
94,51,2
94,140,5
94,28,4
94,26,5
94,40,4
95,128,3
95,116,4
95,157,5
95,130,2
95,83,3
95,51,4
95,65,4
95,17,3
95,119,2
95,46,5
95,183,3
95,115,3
95,80,4
95,6,2
95,73,1
95,112,5
95,160,4
95,49,1
95,71,4
95,174,2
95,47,3
95,120,4
95,148,4
95,81,4
95,144,3
95,194,3
96,74,4
96,24,3
96,43,2
96,188,5
96,100,3
96,34,1
96,135,1
96,113,3
96,12,2
96,106,1
96,112,1
96,26,5
96,114,1
96,13,1
96,76,2
96,155,2
96,36,3
96,142,5
96,84,3
96,172,2
96,8,2
96,1,3
96,152,4
96,184,4
96,15,1
96,49,5
96,101,2
96,54,3
96,63,5
96,42,4
96,86,2
96,80,3
96,69,4
97,31,3
97,171,5
97,3,1
97,61,1
97,71,1
97,181,4
97,174,4
97,183,4
97,11,1
97,103,3
97,68,5
97,176,3
97,75,4
97,28,2
97,34,3
97,13,2
97,81,1
97,151,3
97,177,5
97,23,4
97,186,4
97,49,5
97,4,4
97,83,2
97,26,3
97,42,2
97,150,2
97,111,4
97,113,5
97,172,4
97,37,4
97,25,2
97,39,2
98,130,2
98,2,3
98,108,2
98,30,3
98,29,5
98,60,1
98,105,5
98,190,2
98,179,4
98,81,3
98,31,2
98,146,2
98,18,1
98,38,4
98,14,2
98,161,2
98,42,3
98,24,2
98,143,3
98,47,2
98,1,5
98,77,3
98,107,1
98,112,2
98,65,4
98,15,4
98,186,2
98,178,5
98,59,3
98,46,5
98,22,4
99,84,4
99,77,4
99,4,5
99,142,1
99,45,3
99,29,3
99,128,4
99,116,1
99,34,1
99,176,2
99,85,1
99,182,5
99,70,3
99,111,5
99,190,5
99,37,4
99,47,4
99,66,4
99,82,5
99,115,4
99,25,4
99,119,4
99,76,4
99,143,2
99,173,2
99,155,4
99,68,5
99,183,1
99,44,3
99,122,1
99,59,4
99,49,2
99,93,4
99,134,3
99,11,5
99,156,4
99,20,5
99,94,3
99,161,2
99,53,5
100,90,2
100,145,3
100,25,1
100,9,3
100,93,3
100,169,3
100,131,1
100,48,5
100,128,5
100,39,2
100,108,3
100,57,1
100,35,5
100,60,5
100,83,2
100,114,2
100,151,3
100,157,5
100,103,2
100,94,1
100,189,1
100,16,1
100,79,4
100,23,2
100,88,3
100,47,2
100,102,5
100,1,1
101,21,2
101,132,3
101,23,3
101,1,3
101,111,2
101,76,3
101,161,1
101,65,3
101,89,1
101,7,3
101,25,3
101,40,1
101,46,5
101,102,1
101,147,4
101,152,5
101,83,5
101,84,4
101,125,3
101,36,5
101,156,3
101,166,1
101,33,3
101,30,3
101,164,4
101,192,3
102,157,2
102,64,2
102,83,3
102,77,5
102,60,5
102,132,2
102,53,3
102,42,2
102,153,3
102,108,1
102,90,5
102,168,2
102,0,2
102,138,5
102,192,2
102,82,5
102,113,1
102,33,1
102,120,5
102,175,2
102,8,3
102,111,3
102,151,5
102,25,4
102,61,1
102,36,3
102,16,3
102,158,1
102,149,1
102,40,2
102,80,3
102,78,2
103,169,5
103,145,3
103,14,1
103,146,5
103,13,1
103,142,2
103,9,5
103,147,5
103,175,3
103,3,1
103,29,1
103,166,4
103,144,3
103,10,4
103,170,5
103,5,2
103,21,1
103,75,3
103,163,1
103,77,2
103,135,2
103,168,5
103,136,1
103,138,4
103,110,2
103,19,5
103,49,2
103,32,1
103,121,4
103,90,4
103,134,3
103,126,3
104,99,2
104,70,2
104,141,3
104,156,4
104,4,4
104,191,2
104,40,4
104,119,1
104,118,4
104,129,3
104,171,3
104,121,1
104,6,5
104,155,4
104,172,2
104,3,2
104,185,2
104,35,1
104,41,4
104,120,2
104,27,3
104,96,5
104,85,1
104,113,5
104,107,1
104,146,3
104,33,3
104,114,3
104,80,3
104,154,3
104,94,5
104,127,4
105,120,1
105,181,1
105,148,2
105,123,5
105,194,3
105,1,5
105,31,1
105,66,2
105,126,4
105,171,4
105,52,5
105,134,2
105,101,4
105,26,4
105,75,1
105,99,5
105,140,4
105,41,1
105,167,3
105,107,3
105,178,4
105,158,3
105,69,5
105,139,4
105,109,1
105,192,5
105,133,5
105,143,3
105,24,3
105,29,5
105,93,5
105,84,5
105,149,2
105,3,5
105,35,5
105,60,5
105,119,1
105,86,4
105,147,4
106,34,2
106,131,5
106,124,1
106,40,5
106,153,2
106,100,5
106,76,3
106,156,3
106,122,5
106,130,2
106,142,4
106,38,2
106,194,1
106,39,2
106,186,1
106,63,2
106,5,4
106,27,1
106,54,5
106,42,4
106,159,1
106,43,2
106,15,3
106,136,2
106,9,1
106,167,3
106,35,4
106,46,5
106,170,2
106,191,3
106,37,5
106,189,4
107,35,3
107,70,5
107,79,3
107,11,2
107,73,4
107,63,3
107,188,4
107,17,2
107,36,2
107,87,4
107,153,2
107,10,2
107,20,4
107,24,2
107,39,1
107,148,5
107,124,2
107,143,5
107,185,3
107,104,3
107,2,4
107,88,1
107,192,2
107,173,2
107,7,2
107,38,5
107,140,2
107,82,1
107,134,2
107,99,4
107,45,5
107,180,5
107,23,4
107,113,4
107,57,1
107,174,1
107,93,3
108,26,4
108,192,2
108,25,4
108,141,5
108,43,1
108,114,5
108,96,3
108,139,5
108,55,4
108,49,1
108,28,1
108,5,5
108,57,3
108,4,1
108,166,4
108,11,3
108,50,2
108,34,4
108,35,2
108,172,3
108,140,2
108,146,3
108,13,3
108,189,3
108,136,5
108,38,1
108,92,2
108,132,5
108,165,5
108,80,2
108,2,5
108,90,3
109,163,3
109,178,5
109,120,1
109,170,2
109,123,5
109,157,5
109,184,3
109,15,2
109,99,3
109,53,5
109,108,5
109,112,2
109,193,3
109,47,2
109,88,3
109,116,4
109,5,5
109,39,4
109,18,1
109,72,4
109,86,5
109,87,3
109,40,1
109,177,2
109,100,4
109,141,5
110,184,4
110,160,1
110,107,3
110,122,2
110,29,1
110,2,2
110,193,4
110,137,3
110,33,1
110,144,4
110,185,4
110,95,2
110,17,3
110,113,4
110,4,5
110,12,3
110,44,3
110,38,2
110,123,4
110,79,5
110,20,1
110,40,2
110,56,1
110,37,3
110,53,2
111,28,1
111,60,3
111,31,4
111,133,3
111,61,5
111,105,5
111,102,1
111,121,1
111,47,4
111,38,4
111,25,3
111,4,3
111,63,5
111,192,4
111,176,5
111,119,4
111,59,5
111,131,3
111,177,5
111,84,4
111,156,2
111,40,4
112,45,1
112,34,5
112,26,3
112,70,4
112,1,4
112,82,1
112,93,4
112,148,4
112,149,2
112,92,2
112,76,4
112,122,4
112,36,5
112,90,1
112,156,5
112,8,4
112,2,3
112,72,1
112,21,2
112,33,2
112,160,3
112,27,2
112,40,4
112,159,5
112,35,1
112,22,1
112,64,5
113,159,4
113,178,3
113,118,5
113,64,3
113,7,3
113,181,1
113,46,1
113,14,4
113,145,2
113,4,5
113,37,2
113,96,2
113,16,3
113,23,4
113,42,2
113,33,4
113,171,5
113,34,1
113,55,2
113,47,4
113,74,2
113,116,5
113,11,4
113,36,1
113,45,5
113,98,2
113,20,1
113,60,5
113,170,1
113,38,5
113,92,5
114,179,2
114,138,2
114,81,3
114,68,3
114,172,2
114,125,4
114,102,4
114,157,2
114,121,4
114,44,2
114,144,5
114,25,2
114,173,1
114,167,3
114,124,5
114,41,1
114,130,3
114,180,2
114,190,2
114,1,5
114,37,2
114,129,5
114,85,4
114,166,5
114,24,1
114,57,2
114,47,3
114,127,4
114,128,2
114,79,3
114,87,5
115,111,4
115,106,3
115,23,5
115,182,3
115,22,4
115,141,2
115,8,4
115,193,4
115,124,3
115,172,3
115,165,3
115,192,4
115,134,4
115,18,5
115,92,5
115,151,2
115,69,5
115,147,5
115,55,3
115,39,5
115,126,1
115,178,3
115,174,4
116,91,3
116,176,4
116,30,3
116,183,1
116,164,3
116,84,4
116,172,3
116,181,1
116,47,4
116,50,4
116,5,2
116,18,2
116,125,3
116,141,2
116,64,3
116,68,2
116,12,5
116,130,1
116,82,3
116,37,1
116,171,2
116,93,2
116,189,2
116,10,4
116,113,3
116,45,1
116,124,4
116,25,5
116,114,3
116,21,1
116,153,1
116,43,3
116,117,3
116,103,2
116,173,2
116,16,2
116,191,1
117,180,2
117,173,2
117,59,4
117,174,4
117,137,5
117,93,2
117,87,3
117,185,2
117,78,2
117,35,3
117,9,2
117,31,4
117,42,3
117,23,4
117,129,4
117,120,1
117,165,5
117,112,4
117,102,5
117,188,3
117,50,1
117,167,1
117,151,5
117,103,2
117,29,1
117,34,4
117,184,4
117,84,3
117,159,1
117,132,4
117,66,5
117,189,4
117,11,1
118,46,5
118,41,2
118,40,2
118,157,4
118,23,2
118,70,4
118,22,4
118,150,5
118,58,2
118,36,3
118,138,2
118,159,1
118,167,5
118,80,2
118,186,3
118,29,5
118,154,4
118,21,4
118,1,4
118,48,1
118,24,2
118,128,4
118,7,2
118,27,1
118,10,4
118,146,3
118,8,2
118,34,4
118,117,5
118,0,4
118,73,1
119,35,3
119,14,1
119,2,3
119,77,2
119,178,4
119,183,1
119,104,2
119,34,5
119,193,3
119,8,3
119,110,4
119,175,4
119,15,2
119,24,3
119,64,3
119,46,1
119,17,2
119,42,2
119,51,4
119,74,2
119,49,1
119,113,4
119,100,5
119,53,1
119,118,4
120,169,5
120,21,5
120,148,3
120,28,5
120,90,4
120,155,5
120,116,3
120,41,5
120,157,4
120,39,1
120,61,1
120,34,3
120,40,3
120,16,4
120,12,4
120,3,3
120,185,5
120,177,2
120,65,3
120,184,5
120,5,1
120,130,2
120,182,4
120,11,2
120,52,1
120,15,1
120,36,3
120,102,2
120,38,1
120,139,5
121,188,2
121,6,3
121,69,3
121,167,1
121,7,3
121,29,2
121,141,3
121,10,3
121,55,5
121,171,3
121,28,4
121,144,3
121,59,5
121,148,4
121,193,1
121,58,2
121,180,1
121,153,5
121,145,3
121,116,1
121,50,4
121,61,4
121,40,5
121,185,3
121,39,3
121,16,3
121,86,3
122,14,4
122,43,4
122,12,4
122,97,2
122,107,2
122,170,4
122,31,2
122,10,3
122,35,2
122,96,2
122,185,1
122,134,4
122,59,5
122,164,4
122,83,3
122,70,1
122,57,1
122,48,4
122,93,3
122,162,1
122,128,3
122,62,4
122,194,1
122,11,4
122,157,5
122,41,2
122,79,5
122,25,1
122,180,5
122,116,5
122,146,4
123,68,1
123,186,1
123,31,1
123,63,2
123,38,4
123,46,2
123,104,1
123,76,5
123,102,1
123,89,4
123,19,1
123,17,1
123,83,1
123,66,1
123,192,1
123,176,2
123,7,4
123,94,1
123,111,2
123,42,4
123,84,1
123,101,1
123,99,3
123,74,1
123,96,3
123,16,1
123,37,2
123,145,2
123,190,2
123,100,3
124,16,3
124,32,1
124,156,5
124,36,4
124,124,3
124,150,2
124,45,3
124,146,3
124,42,2
124,20,5
124,26,1
124,136,4
124,141,4
124,107,1
124,155,2
124,171,2
124,51,1
124,101,4
124,41,5
124,135,2
124,134,4
124,58,3
124,158,3
124,180,2
124,178,5
124,23,3
124,9,5
124,97,3
124,181,5
124,128,2
124,74,2
124,157,2
124,106,5
125,53,3
125,101,4
125,24,5
125,38,3
125,21,1
125,141,4
125,13,1
125,55,1
125,91,1
125,171,5
125,78,1
125,37,3
125,131,1
125,186,5
125,162,4
125,84,5
125,2,5
125,114,5
125,181,2
125,72,4
125,121,1
125,90,3
125,40,4
125,44,1
125,64,2
125,49,2
125,42,1
125,7,1
125,170,5
125,126,3
125,58,5
126,193,2
126,7,4
126,150,1
126,21,1
126,38,4
126,87,3
126,130,5
126,69,2
126,125,5
126,41,5
126,142,2
126,54,1
126,127,4
126,1,4
126,178,1
126,107,5
126,145,4
126,135,3
126,58,2
126,147,1
126,154,5
126,118,5
126,0,5
126,174,4
126,169,5
126,112,4
126,20,4
126,59,2
126,188,2
126,186,3
126,89,2
126,43,1
126,11,5
126,111,4
126,10,5
126,12,1
127,139,2
127,57,4
127,50,1
127,5,2
127,103,2
127,149,3
127,179,4
127,4,4
127,155,4
127,105,4
127,23,4
127,97,3
127,183,2
127,128,4
127,8,1
127,169,1
127,60,3
127,173,2
127,33,3
127,162,5
127,49,1
127,129,1
127,27,4
127,174,5
127,28,2
127,9,4
127,194,2
127,48,3
127,157,4
127,113,2
127,84,4
127,189,5
127,79,3
128,153,1
128,38,1
128,147,5
128,107,3
128,99,2
128,9,5
128,91,1
128,114,3
128,28,5
128,6,4
128,29,4
128,47,3
128,64,4
128,194,4
128,129,3
128,110,4
128,1,4
128,32,5
128,108,5
128,12,1
128,139,2
128,175,1
128,176,1
128,192,2
128,75,2
128,163,4
128,149,4
128,45,1
128,105,4
128,46,2
129,29,3
129,77,5
129,169,4
129,163,1
129,147,4
129,124,3
129,138,2
129,108,2
129,176,2
129,6,3
129,5,2
129,47,4
129,141,5
129,66,4
129,43,5
129,55,2
129,16,4
129,193,2
129,28,3
129,100,5
129,150,5
129,7,5
129,161,5
129,171,2
129,1,4
129,80,2
129,148,3
129,155,5
130,27,1
130,52,5
130,148,5
130,43,2
130,180,2
130,159,4
130,35,5
130,76,4
130,81,2
130,108,2
130,28,4
130,84,3
130,13,5
130,44,3
130,50,5
130,173,5
130,190,2
130,36,1
130,32,5
130,11,5
130,183,4
130,104,3
130,111,3
130,63,2
130,41,4
131,28,4
131,192,5
131,83,4
131,121,4
131,44,2
131,99,5
131,114,4
131,174,2
131,3,3
131,19,1
131,140,1
131,98,2
131,169,2
131,22,2
131,108,5
131,130,4
131,18,2
131,49,4
131,26,1
131,194,2
131,106,2
131,113,4
131,107,2
131,24,2
131,157,4
131,158,2
131,138,1
131,36,1
131,102,4
131,118,1
131,15,1
131,185,3
131,111,4
131,17,5
131,25,1
131,134,3
132,172,5
132,85,3
132,35,5
132,57,3
132,24,3
132,18,4
132,65,3
132,78,2
132,118,1
132,177,1
132,121,4
132,42,3
132,173,3
132,76,1
132,152,1
132,189,4
132,186,2
132,169,2
132,26,1
132,155,3
132,109,3
132,55,3
132,135,1
132,6,5
132,20,5
132,2,2
133,112,4
133,147,3
133,77,3
133,35,4
133,78,1
133,114,1
133,176,1
133,85,3
133,13,2
133,102,1
133,184,4
133,10,2
133,30,2
133,7,2
133,84,5
133,66,1
133,162,5
133,63,4
133,18,4
133,47,3
133,42,2
133,191,5
133,48,2
133,120,5
133,180,1
133,2,3
133,100,1
133,57,5
133,39,4
133,104,3
133,175,3
134,128,5
134,3,3
134,62,1
134,34,3
134,95,2
134,7,5
134,165,4
134,113,5
134,76,3
134,16,4
134,158,4
134,37,4
134,33,3
134,169,2
134,153,1
134,122,2
134,175,3
134,121,3
134,186,2
134,107,3
134,86,1
134,20,3
134,103,1
134,179,2
134,162,2
134,178,4
134,2,3
134,53,2
134,36,5
134,84,4
134,11,3
134,141,3
134,0,5
134,21,5
134,112,4
135,11,2
135,29,4
135,36,3
135,166,1
135,165,2
135,16,1
135,178,2
135,96,5
135,56,4
135,142,4
135,1,2
135,102,4
135,174,3
135,108,2
135,132,5
135,21,2
135,179,5
135,168,4
135,129,3
135,22,5
135,173,3
135,97,5
135,82,4
135,145,2
135,92,1
135,163,3
135,93,2
135,14,1
135,126,4
135,119,3
135,2,5
135,57,1
135,112,2
136,6,2
136,21,1
136,72,2
136,36,1
136,85,4
136,59,2
136,142,1
136,20,4
136,86,5
136,187,2
136,61,4
136,70,4
136,167,4
136,81,2
136,22,5
136,11,4
136,32,2
136,159,3
136,10,2
136,79,2
136,188,2
136,67,4
136,92,4
136,75,3
136,25,1
136,58,3
136,190,4
136,77,1
136,89,2
136,66,3
136,43,2
136,116,2
136,143,2
136,161,1
136,136,1
136,84,2
137,66,4
137,175,5
137,79,5
137,34,3
137,53,4
137,176,5
137,126,5
137,141,2
137,168,3
137,170,1
137,63,3
137,21,4
137,39,1
137,2,1
137,3,1
137,93,4
137,100,5
137,148,2
137,27,5
137,149,4
137,155,4
137,57,5
137,38,5
137,185,3
137,99,4
137,81,1
137,94,4
137,111,1
137,36,3
137,98,2
138,180,2
138,185,5
138,123,4
138,142,2
138,112,3
138,93,5
138,30,2
138,86,1
138,44,2
138,32,5
138,18,3
138,120,5
138,145,5
138,177,2
138,69,3
138,48,1
138,182,1
138,107,4
138,51,3
138,46,4
138,115,5
138,3,2
138,134,3
138,161,1
138,146,1
138,164,2
138,81,4
138,31,5
138,162,5
138,53,4
139,171,4
139,178,5
139,5,5
139,88,3
139,152,5
139,167,3
139,114,5
139,98,2
139,83,2
139,47,2
139,145,5
139,44,2
139,37,5
139,103,5
139,143,1
139,136,1
139,172,2
139,142,2
139,154,1
139,169,4
139,87,4
139,19,2
139,140,2
139,141,4
139,28,1
139,168,4
139,22,3
139,84,5
139,29,5
139,55,2
139,14,1
139,112,1
140,64,2
140,46,4
140,67,1
140,143,5
140,187,3
140,9,1
140,87,1
140,182,5
140,32,4
140,120,3
140,136,4
140,135,5
140,13,4
140,7,2
140,39,1
140,31,4
140,75,1
140,65,2
140,85,3
140,51,1
140,76,1
140,128,1
140,119,5
140,159,5
140,68,5
140,109,3
140,194,5
140,157,5
140,82,5
141,186,4
141,40,3
141,66,5
141,120,5
141,121,3
141,149,4
141,59,2
141,63,3
141,69,4
141,125,1
141,64,4
141,109,3
141,84,2
141,171,5
141,1,2
141,31,3
141,58,3
141,67,4
141,14,2
141,143,3
141,46,1
141,97,5
141,51,5
141,95,5
141,9,5
141,160,3
142,39,4
142,26,3
142,158,3
142,51,3
142,61,2
142,87,3
142,171,2
142,19,1
142,99,1
142,143,3
142,11,3
142,169,1
142,9,5
142,16,1
142,10,2
142,136,1
142,186,1
142,114,4
142,46,5
142,179,2
142,55,5
142,116,1
142,154,2
142,49,1
142,134,2
142,182,4
142,184,1
142,125,3
142,181,1
142,14,4
142,44,3
142,15,2
142,73,2
142,180,4
142,7,3
142,106,4
142,4,2
142,58,5
142,135,2
143,181,5
143,80,4
143,23,1
143,131,2
143,120,5
143,91,1
143,93,2
143,148,1
143,145,4
143,92,5
143,37,4
143,155,2
143,119,5
143,39,4
143,42,3
143,132,5
143,73,1
143,108,5
143,46,5
143,95,3
143,168,4
143,160,3
143,105,1
143,183,2
143,28,5
143,57,5
143,151,2
143,100,5
143,194,5
143,96,1
143,4,5
143,33,2
143,36,3
143,34,2
143,107,2
143,162,2
143,127,5
143,1,2
143,177,4
143,156,5
143,81,4
144,172,5
144,55,2
144,149,5
144,190,2
144,119,3
144,112,5
144,135,5
144,54,3
144,81,4
144,126,4
144,180,3
144,64,1
144,161,3
144,186,1
144,167,5
144,89,2
144,147,2
144,40,3
144,146,5
144,143,2
144,193,1
144,111,4
144,6,2
144,63,4
144,18,2
144,136,2
144,38,5
144,156,3
144,11,2
144,67,2
144,12,4
144,99,3
144,21,5
144,173,3
144,27,5
144,106,2
145,193,2
145,174,2
145,70,1
145,134,1
145,21,3
145,106,4
145,128,3
145,26,5
145,135,5
145,6,2
145,53,3
145,32,3
145,85,2
145,94,5
145,83,1
145,111,1
145,163,5
145,150,3
145,122,2
145,183,4
145,34,3
145,148,1
145,23,2
145,91,4
145,185,1
145,52,3
145,50,3
145,117,3
145,81,4
145,130,4
145,177,3
145,29,5
145,27,4
145,78,2
146,146,2
146,13,1
146,177,2
146,78,2
146,15,2
146,167,2
146,168,1
146,74,3
146,182,3
146,85,1
146,33,1
146,68,4
146,190,5
146,61,2
146,169,4
146,18,3
146,80,3
146,44,5
146,10,2
146,90,1
146,96,2
146,55,5
146,153,1
146,9,1
146,38,2
146,25,1
146,194,3
146,130,5
146,108,3
146,107,2
146,122,5
146,118,1
146,31,3
146,98,4
146,156,2
146,159,5
146,8,1
146,137,5
146,7,2
147,78,3
147,119,4
147,103,2
147,62,5
147,29,2
147,10,2
147,38,4
147,171,4
147,193,1
147,99,1
147,15,1
147,116,2
147,50,5
147,156,5
147,28,1
147,150,2
147,113,4
147,55,4
147,124,2
147,24,4
147,22,4
147,162,4
147,168,5
147,46,1
147,138,4
147,110,5
147,102,2
147,164,3
148,154,1
148,59,1
148,26,2
148,134,5
148,147,2
148,7,3
148,22,3
148,153,1
148,34,3
148,3,5
148,193,3
148,137,4
148,89,3
148,91,1
148,45,5
148,158,1
148,29,4
148,8,1
148,135,3
148,1,4
148,53,5
148,79,4
148,189,3
148,85,5
148,178,2
148,58,4
148,182,2
148,47,3
148,103,3
149,4,4
149,149,2
149,107,1
149,35,2
149,18,5
149,24,1
149,37,1
149,171,2
149,73,2
149,99,5
149,185,2
149,54,1
149,106,1
149,60,2
149,183,3
149,40,4
149,90,1
149,147,3
149,21,2
149,3,2
149,155,3
149,160,4
149,29,5
149,11,1
149,122,5
149,41,5
149,131,5
149,77,2
149,45,3
149,157,5
149,92,4
149,49,5
149,38,2
150,143,3
150,44,3
150,174,2
150,165,2
150,4,4
150,25,5
150,125,4
150,28,4
150,138,4
150,116,4
150,189,2
150,51,5
150,22,3
150,137,5
150,21,4
150,180,1
150,156,3
150,122,1
150,83,5
150,14,4
150,176,5
150,97,4
150,81,4
150,67,3
150,193,2
150,37,5
150,146,4
150,166,2
150,10,2
151,80,1
151,22,5
151,18,3
151,32,5
151,163,5
151,43,3
151,137,3
151,167,5
151,121,1
151,96,4
151,178,5
151,192,3
151,129,1
151,105,4
151,2,2
151,186,4
151,180,5
151,64,3
151,14,5
151,179,2
151,19,1
151,7,4
152,177,2
152,178,5
152,45,5
152,174,3
152,64,5
152,78,3
152,12,5
152,148,2
152,9,3
152,117,5
152,38,2
152,186,5
152,13,2
152,60,3
152,122,2
152,115,1
152,17,4
152,132,3
152,137,2
152,142,3
152,96,1
152,22,5
152,118,5
152,190,2
152,127,3
152,11,2
152,29,1
153,152,1
153,183,4
153,69,3
153,29,1
153,51,3
153,176,1
153,191,1
153,32,3
153,60,3
153,18,2
153,96,2
153,150,5
153,76,5
153,59,1
153,27,1
153,30,4
153,74,3
153,139,5
153,20,4
153,156,3
153,149,1
153,37,1
153,16,1
154,2,3
154,88,3
154,165,5
154,157,5
154,72,5
154,29,4
154,129,3
154,103,5
154,108,4
154,147,1
154,134,1
154,160,4
154,111,4
154,132,5
154,68,3
154,15,5
154,99,3
154,12,1
154,136,4
154,8,1
154,45,3
154,181,1
154,27,4
154,39,5
154,4,3
154,32,4
154,140,2
154,36,2
154,31,4
155,112,4
155,143,1
155,34,4
155,116,2
155,129,1
155,130,3
155,122,4
155,114,2
155,6,2
155,18,1
155,17,5
155,111,3
155,45,1
155,137,2
155,10,4
155,33,1
155,38,3
155,89,1
155,152,2
155,14,4
155,53,1
155,73,3
155,23,2
155,2,1
155,126,5
156,25,2
156,55,1
156,184,4
156,76,3
156,3,5
156,62,3
156,6,5
156,143,4
156,142,4
156,74,3
156,65,4
156,9,1
156,17,1
156,8,5
156,150,5
156,42,2
156,59,5
156,96,1
156,156,4
156,77,5
156,45,3
156,146,5
156,129,5
156,162,4
157,173,5
157,46,3
157,165,1
157,112,5
157,1,3
157,39,2
157,10,3
157,33,1
157,155,3
157,36,2
157,19,4
157,185,5
157,140,5
157,106,1
157,122,3
157,180,1
157,22,1
157,94,5
157,148,1
157,26,5
157,14,3
157,59,4
157,149,3
157,32,5
157,69,3
157,170,3
157,93,5
157,135,2
157,7,5
157,48,1
157,67,3
157,41,4
157,142,4
157,85,4
157,15,3
157,53,4
158,8,1
158,83,5
158,61,5
158,40,5
158,111,3
158,138,5
158,168,1
158,177,2
158,22,1
158,24,3
158,119,3
158,82,2
158,139,3
158,6,1
158,47,4
158,81,5
158,153,3
158,179,1
158,117,2
158,133,1
158,194,3
158,77,1
158,38,2
158,175,1
158,130,5
158,152,1
158,158,4
158,149,4
158,105,2
158,116,5
159,123,2
159,121,4
159,152,5
159,1,1
159,178,1
159,99,1
159,111,2
159,158,2
159,69,4
159,165,2
159,103,4
159,51,1
159,28,5
159,151,1
159,135,3
159,102,4
159,131,1
159,193,5
159,117,2
159,153,3
159,166,1
159,100,5
159,129,1
159,40,5
159,172,5
159,101,4
159,160,1
159,56,2
159,9,4
159,89,2
159,85,4
159,159,2
159,75,1
159,35,3
159,38,3
159,4,1
160,116,5
160,174,1
160,10,1
160,46,1
160,35,3
160,40,5
160,134,1
160,24,1
160,97,2
160,153,5
160,73,2
160,64,1
160,28,3
160,74,1
160,27,2
160,162,2
160,87,3
160,2,2
160,0,5
160,104,4
160,48,2
160,16,5
160,8,3
160,6,2
160,99,5
160,42,4
160,172,1
160,124,5
160,129,5
160,34,2
160,19,2
160,20,2
161,20,1
161,38,2
161,56,3
161,106,4
161,160,3
161,7,1
161,141,5
161,65,2
161,43,4
161,52,5
161,135,5
161,131,3
161,159,4
161,123,4
161,6,5
161,1,1
161,188,5
161,124,2
161,137,1
161,100,2
161,90,1
161,138,4
161,16,4
161,129,5
161,30,4
161,54,1
161,58,1
161,23,1
162,138,5
162,23,2
162,82,3
162,169,3
162,139,5
162,181,3
162,94,3
162,172,2
162,174,5
162,1,5
162,55,2
162,161,1
162,34,5
162,86,4
162,185,4
162,48,2
162,66,5
162,36,3
162,13,4
162,160,2
162,43,1
162,69,3
162,15,4
162,159,4
162,147,1
162,155,3
162,167,3
162,193,5
162,40,2
162,171,4
163,140,5
163,107,1
163,120,4
163,59,4
163,176,1
163,47,4
163,30,5
163,11,3
163,38,1
163,100,2
163,15,5
163,121,3
163,22,1
163,94,5
163,24,4
163,27,3
163,184,1
163,152,5
163,79,3
163,18,3
163,178,1
163,135,1
163,108,5
163,41,1
163,114,2
163,127,5
163,91,2
163,63,5
163,188,2
163,130,5
163,128,5
163,133,2
164,96,4
164,13,2
164,36,5
164,100,3
164,102,4
164,58,2
164,31,1
164,117,1
164,79,4
164,54,4
164,159,3
164,186,4
164,177,3
164,69,4
164,24,5
164,26,4
164,187,5
164,134,5
164,103,1
164,7,4
164,169,2
164,182,1
164,129,3
164,25,1
164,35,1
164,68,2
164,153,2
164,19,3
164,138,3
164,84,2
164,53,3
164,168,3
165,10,4
165,157,5
165,20,5
165,142,1
165,151,3
165,21,5
165,138,4
165,85,4
165,162,2
165,150,1
165,188,2
165,168,2
165,149,4
165,124,2
165,146,3
165,31,5
165,88,3
165,182,5
165,46,4
165,178,4
165,97,5
165,26,3
165,53,2
165,160,2
165,58,2
165,87,2
165,52,5
165,172,4
165,153,1
165,9,5
165,80,2
166,70,3
166,67,1
166,153,3
166,165,2
166,1,1
166,149,2
166,8,4
166,176,5
166,107,1
166,137,1
166,41,5
166,151,1
166,133,5
166,168,5
166,141,4
166,45,3
166,36,4
166,131,4
166,59,3
166,56,4
166,163,2
166,95,3
166,138,4
166,27,1
166,160,5
166,190,4
167,113,4
167,45,2
167,74,2
167,105,5
167,35,4
167,70,3
167,191,4
167,155,2
167,121,4
167,71,2
167,55,1
167,42,4
167,169,1
167,90,4
167,28,4
167,152,4
167,10,3
167,118,4
167,138,5
167,114,1
167,156,4
167,54,3
167,150,4
167,48,5
167,85,3
167,82,4
167,61,3
167,8,3
167,86,2
167,16,3
167,151,2
167,167,2
167,1,5
167,147,1
167,36,3
167,108,1
167,64,4
167,37,5
167,15,5
168,160,5
168,161,5
168,136,4
168,38,5
168,96,4
168,151,5
168,131,4
168,95,1
168,162,1
168,8,3
168,87,4
168,155,4
168,148,4
168,45,1
168,33,2
168,49,2
168,61,1
168,50,5
168,110,1
168,127,2
168,27,5
168,62,4
168,37,3
168,64,3
168,13,5
168,89,3
168,46,2
168,17,5
168,140,4
168,146,1
168,103,5
168,7,4
168,4,2
168,105,3
168,23,5
168,164,4
168,109,5
168,66,4
168,91,3
169,58,2
169,131,1
169,180,3
169,125,5
169,84,4
169,137,5
169,167,5
169,153,2
169,154,2
169,46,5
169,161,4
169,34,1
169,100,3
169,98,3
169,0,4
169,143,1
169,11,5
169,61,1
169,7,1
169,17,1
169,168,5
169,12,1
169,1,5
169,79,1
169,74,5
169,76,2
169,183,4
169,21,5
169,109,3
170,13,3
170,103,1
170,30,1
170,76,4
170,11,4
170,160,1
170,79,2
170,174,4
170,3,2
170,72,3
170,64,4
170,8,2
170,101,4
170,6,2
170,173,2
170,55,1
170,35,5
170,42,1
170,135,3
170,70,2
170,33,2
170,193,5
170,165,2
170,114,5
170,155,1
170,65,3
170,37,3
170,143,5
170,162,2
170,69,2
170,130,1
171,82,4
171,56,2
171,137,1
171,71,4
171,38,3
171,166,2
171,80,5
171,86,4
171,45,5
171,49,4
171,132,1
171,139,3
171,68,5
171,69,3
171,88,3
171,46,4
171,113,4
171,22,3
171,138,2
171,181,5
171,4,1
171,191,1
171,17,4
171,103,3
171,63,1
171,25,2
171,74,3
171,95,2
171,115,5
172,30,2
172,166,5
172,175,1
172,17,5
172,93,2
172,16,3
172,29,2
172,34,2
172,187,3
172,67,4
172,182,5
172,15,3
172,181,2
172,183,4
172,43,3
172,180,3
172,21,1
172,50,3
172,129,4
172,49,2
172,130,5
172,179,2
172,193,3
172,22,3
172,133,3
172,142,2
172,39,3
172,148,2
172,134,4
172,191,3
173,84,3
173,154,2
173,80,1
173,55,5
173,109,2
173,36,4
173,34,3
173,30,3
173,17,1
173,157,2
173,138,5
173,188,2
173,12,5
173,44,2
173,46,3
173,172,4
173,123,4
173,50,2
173,60,1
173,11,3
173,77,5
173,133,1
173,40,2
173,118,5
173,98,1
173,193,4
173,177,4
173,19,4
173,149,1
173,39,1
173,20,4
173,183,1
173,26,2
173,33,1
173,125,1
174,115,2
174,107,2
174,12,2
174,189,5
174,114,2
174,1,3
174,126,2
174,183,3
174,74,5
174,128,5
174,148,2
174,3,2
174,118,5
174,8,3
174,67,1
174,172,5
174,151,1
174,57,3
174,144,4
174,17,1
174,10,1
174,101,3
174,79,4
174,64,3
174,142,1
174,35,3
174,184,2
174,15,4
174,152,5
174,108,1
174,103,5
175,16,5
175,149,2
175,156,2
175,38,3
175,42,4
175,179,3
175,170,4
175,96,4
175,77,3
175,14,1
175,133,1
175,2,1
175,8,2
175,6,5
175,154,2
175,71,4
175,153,3
175,117,2
175,175,3
175,76,5
175,52,5
175,66,5
175,137,5
175,1,5
175,25,3
175,37,3
175,10,4
175,119,1
175,39,3
175,123,1
175,5,3
175,172,4
175,158,3
176,77,5
176,155,4
176,48,1
176,50,3
176,58,4
176,1,3
176,65,5
176,126,4
176,151,1
176,127,5
176,180,3
176,182,4
176,145,5
176,132,5
176,56,1
176,189,1
176,69,1
176,100,5
176,59,1
176,170,5
176,73,1
176,75,3
176,21,5
176,80,5
176,27,1
176,20,1
176,6,5
176,148,1
177,101,1
177,79,4
177,6,5
177,99,4
177,158,3
177,119,1
177,148,4
177,28,4
177,174,2
177,2,4
177,66,3
177,23,1
177,59,5
177,141,4
177,18,3
177,62,5
177,49,4
177,113,3
177,127,3
177,173,1
177,129,4
177,82,5
177,46,4
177,16,5
177,100,5
177,33,1
177,75,3
177,139,3
178,151,5
178,94,2
178,173,4
178,100,4
178,128,1
178,160,3
178,5,3
178,183,3
178,127,2
178,139,1
178,75,5
178,156,3
178,166,1
178,102,3
178,45,4
178,95,5
178,145,4
178,188,5
178,42,3
178,141,3
178,53,3
178,40,1
178,36,1
178,189,4
178,193,2
178,79,1
178,51,5
178,26,5
178,122,3
178,21,4
178,20,4
178,38,2
178,83,3
178,168,4
178,113,1
178,131,1
179,36,1
179,186,4
179,132,1
179,79,1
179,100,3
179,29,5
179,15,1
179,32,2
179,46,2
179,7,4
179,54,3
179,73,3
179,56,5
179,155,2
179,184,4
179,145,2
179,47,4
179,178,5
179,24,1
179,156,4
179,163,2
179,16,3
179,55,3
179,38,5
179,17,5
179,25,4
179,123,1
179,65,5
179,194,1
179,26,1
179,185,2
179,164,4
179,5,5
179,160,2
179,116,1
179,62,1
179,83,5
179,0,5
179,188,4
179,2,2
180,75,4
180,47,3
180,146,3
180,193,5
180,38,4
180,55,1
180,78,4
180,22,5
180,94,1
180,132,2
180,122,1
180,3,3
180,106,3
180,86,4
180,53,1
180,133,1
180,30,3
180,138,5
180,25,1
180,5,3
180,102,1
180,13,3
180,174,1
181,43,5
181,53,3
181,137,4
181,111,2
181,186,1
181,83,3
181,189,1
181,30,3
181,41,5
181,101,5
181,49,5
181,57,4
181,45,1
181,119,4
181,66,4
181,36,1
181,148,2
181,76,4
181,19,2
181,18,4
181,87,2
181,61,1
181,8,5
181,100,4
181,60,3
181,23,4
181,37,2
181,35,2
181,123,1
181,136,4
181,116,5
181,51,3
181,0,1
181,67,2
182,70,2
182,24,1
182,89,5
182,25,1
182,80,4
182,2,3
182,71,3
182,57,2
182,176,4
182,47,1
182,63,4
182,1,2
182,16,1
182,28,3
182,66,2
182,171,5
182,50,1
182,15,5
182,160,1
182,109,4
182,60,2
182,44,3
182,34,5
182,45,4
182,155,4
182,49,5
182,152,3
182,93,2
182,14,4
182,6,2
182,177,4
182,85,1
183,42,2
183,130,5
183,177,3
183,5,2
183,27,4
183,111,4
183,136,3
183,119,3
183,142,1
183,186,4
183,46,1
183,65,3
183,4,2
183,31,1
183,179,1
183,84,1
183,104,3
183,60,3
183,118,3
183,190,1
183,188,1
183,10,1
183,143,5
183,107,5
183,105,4
184,89,3
184,50,1
184,186,4
184,61,5
184,5,2
184,150,3
184,143,2
184,87,4
184,36,5
184,137,2
184,171,5
184,26,5
184,38,1
184,127,4
184,174,3
184,6,5
184,125,1
184,90,3
184,126,1
184,66,3
184,11,1
184,41,2
184,3,3
184,192,3
184,57,3
184,13,4
184,12,4
184,74,2
184,103,4
184,39,4
184,17,2
184,167,3
184,31,1
184,173,3
184,29,2
185,33,2
185,37,4
185,62,2
185,96,3
185,9,4
185,184,1
185,123,1
185,188,5
185,173,3
185,150,3
185,128,4
185,23,4
185,126,5
185,139,4
185,90,5
185,3,1
185,8,2
185,104,1
185,187,2
185,106,1
185,176,1
185,28,5
185,5,3
185,11,4
185,124,2
185,158,3
185,31,5
185,151,2
185,18,4
185,144,4
186,88,1
186,41,5
186,153,4
186,71,4
186,158,5
186,138,1
186,44,5
186,66,1
186,76,3
186,146,5
186,18,4
186,127,4
186,29,2
186,97,4
186,23,4
186,59,3
186,168,5
186,139,4
186,42,4
186,70,4
186,73,4
186,166,2
186,172,5
186,174,2
186,39,2
186,17,1
186,25,3
186,12,3
186,187,3
187,140,4
187,143,3
187,63,1
187,162,3
187,27,4
187,47,5
187,36,2
187,53,5
187,73,1
187,133,3
187,131,2
187,9,2
187,173,3
187,64,1
187,89,2
187,104,3
187,111,2
187,95,5
187,14,1
187,15,2
187,174,1
187,149,3
187,30,3
187,65,2
187,106,5
187,3,2
187,31,3
187,141,4
187,134,2
187,1,4
187,102,3
187,16,3
187,118,3
187,42,5
188,164,4
188,37,5
188,132,1
188,5,3
188,72,1
188,179,1
188,78,2
188,99,5
188,8,1
188,12,3
188,24,1
188,4,4
188,177,3
188,124,2
188,43,1
188,76,1
188,167,4
188,44,1
188,58,4
188,146,2
188,22,3
188,118,4
188,34,4
188,103,2
188,42,1
188,2,1
189,6,5
189,1,5
189,3,4
189,50,5
189,49,3
189,20,2
189,136,5
189,110,3
189,183,3
189,187,5
189,155,5
189,54,2
189,17,3
189,89,1
189,161,4
189,173,1
189,9,2
189,125,3
189,82,3
189,2,4
189,108,5
189,133,5
189,44,3
189,28,2
189,32,4
189,162,1
189,87,2
189,72,1
189,115,5
189,52,1
189,64,4
189,107,4
190,51,3
190,166,4
190,27,5
190,120,5
190,63,5
190,25,3
190,43,4
190,15,5
190,8,4
190,114,2
190,13,4
190,124,5
190,187,2
190,62,2
190,78,2
190,151,2
190,184,5
190,170,1
190,65,3
190,80,1
190,140,3
190,105,2
190,150,5
190,28,1
190,3,1
190,89,5
190,75,1
190,30,1
190,36,4
191,179,5
191,178,3
191,181,1
191,13,2
191,44,5
191,159,1
191,177,4
191,173,1
191,126,5
191,163,3
191,5,4
191,83,2
191,115,5
191,49,2
191,1,3
191,8,2
191,10,1
191,149,1
191,27,1
191,38,5
191,25,3
191,106,4
191,190,2
191,42,4
191,79,3
191,22,3
192,47,2
192,56,3
192,123,3
192,45,2
192,111,1
192,2,1
192,93,1
192,187,5
192,160,5
192,179,4
192,180,4
192,26,4
192,155,1
192,101,2
192,159,1
192,13,1
192,122,2
192,36,1
192,177,3
192,33,5
192,39,1
192,63,3
192,138,4
192,169,5
192,19,5
192,68,5
192,150,2
192,107,2
192,114,4
192,32,2
192,175,3
192,116,3
192,154,5
192,115,1
193,15,1
193,21,5
193,158,4
193,133,2
193,48,2
193,50,1
193,161,2
193,22,3
193,58,2
193,112,1
193,173,5
193,5,4
193,47,2
193,170,1
193,141,4
193,171,1
193,35,2
193,79,4
193,163,4
193,109,3
193,174,4
193,69,2
193,127,2
193,10,5
193,38,5
193,61,3
193,142,5
193,7,3
193,88,4
194,172,5
194,44,5
194,68,4
194,34,2
194,154,4
194,116,3
194,63,1
194,177,3
194,164,5
194,41,5
194,30,4
194,191,1
194,9,1
194,120,1
194,31,1
194,55,4
194,106,1
194,36,2
194,117,5
194,11,1
194,58,5
194,15,3
194,49,3
194,174,4
194,187,1
194,102,1
194,65,5
194,145,2
194,76,2
194,175,5
194,109,5
194,14,1
194,147,5
194,185,2
194,112,1
194,81,2
194,115,4
194,153,1
194,91,5
195,102,3
195,46,3
195,149,1
195,115,2
195,9,4
195,160,2
195,95,3
195,2,2
195,36,3
195,126,3
195,90,4
195,53,4
195,135,3
195,181,3
195,50,5
195,8,4
195,68,3
195,169,1
195,17,3
195,137,4
195,191,1
195,121,2
195,92,5
195,136,1
195,43,1
195,99,4
195,12,1
195,144,1
195,67,1
195,187,4
195,98,5
195,81,5
195,23,2
195,54,5
195,157,2
195,18,3
196,121,3
196,7,2
196,19,2
196,44,3
196,22,5
196,124,3
196,12,5
196,123,3
196,36,4
196,91,2
196,21,5
196,49,2
196,24,4
196,112,5
196,86,2
196,109,1
196,56,5
196,8,2
196,177,5
196,27,1
196,157,5
196,192,5
196,38,2
196,13,1
196,141,2
196,76,2
196,185,1
196,125,4
197,99,4
197,38,1
197,125,1
197,82,4
197,89,3
197,66,3
197,33,5
197,100,2
197,142,5
197,136,1
197,173,3
197,177,2
197,151,3
197,93,1
197,148,2
197,105,5
197,137,1
197,19,5
197,39,5
197,27,4
197,3,5
197,8,4
197,73,3
197,188,2
197,16,4
197,104,5
198,89,5
198,140,1
198,80,2
198,27,3
198,107,3
198,2,4
198,13,4
198,143,3
198,25,2
198,190,3
198,97,5
198,21,2
198,99,2
198,102,3
198,186,5
198,170,4
198,142,3
198,134,3
198,187,5
198,191,2
198,49,1
198,79,1
198,161,2
198,52,1
198,125,1
198,12,2
198,45,3
198,91,3
198,18,3
198,8,4
198,6,3
198,46,1
198,75,2
198,144,5
198,9,4
198,61,4
199,11,4
199,119,3
199,94,5
199,148,4
199,9,3
199,15,2
199,165,3
199,135,3
199,103,3
199,170,2
199,47,4
199,93,3
199,146,5
199,18,1
199,185,2
199,97,4
199,14,1
199,12,5
199,37,2
199,2,3
199,173,4
199,38,3
199,56,3
199,73,3
199,87,4
199,168,1
199,189,1
199,20,4
200,4,3
200,166,5
200,12,2
200,43,2
200,82,1
200,134,1
200,165,2
200,142,2
200,137,2
200,114,1
200,184,2
200,140,3
200,48,4
200,84,4
200,52,4
200,86,1
200,141,3
200,101,1
200,50,3
200,128,4
200,78,4
200,170,2
200,99,1
200,104,5
200,47,2
200,15,5
200,167,4
200,70,1
200,36,2
200,133,3
200,63,5
200,191,1
200,64,5
200,31,4
200,25,5
200,160,2
200,39,4
200,11,3
200,27,2
201,22,5
201,179,5
201,8,5
201,30,3
201,119,3
201,120,3
201,58,4
201,7,3
201,23,3
201,157,2
201,180,3
201,55,3
201,191,2
201,5,2
201,133,3
201,28,5
201,110,5
201,66,2
201,57,4
201,94,5
201,9,1
201,17,2
201,34,2
201,126,5
201,101,2
201,65,2
201,174,3
201,41,5
201,166,1
201,171,4
201,138,4
201,68,2
201,158,5
201,159,1
201,177,3
202,177,2
202,171,4
202,153,4
202,8,5
202,14,4
202,71,1
202,186,5
202,143,2
202,131,4
202,61,4
202,7,1
202,174,4
202,60,3
202,49,4
202,29,1
202,62,5
202,65,2
202,175,2
202,166,5
202,170,3
202,108,5
202,82,1
202,13,5
202,81,1
202,165,5
202,5,3
202,26,2
202,42,4
202,25,2
202,164,5
202,51,5
202,94,2
203,34,1
203,156,4
203,47,3
203,53,5
203,118,1
203,43,3
203,2,3
203,72,2
203,35,2
203,178,5
203,104,2
203,11,4
203,180,5
203,177,3
203,114,1
203,127,2
203,111,5
203,158,2
203,46,3
203,186,3
203,190,3
203,79,2
203,128,4
203,6,2
203,66,2
204,63,3
204,139,3
204,16,4
204,179,2
204,65,2
204,29,3
204,14,4
204,28,2
204,172,5
204,70,2
204,38,4
204,127,5
204,170,3
204,153,3
204,126,5
204,39,1
204,177,3
204,15,3
204,57,1
204,88,4
204,54,1
204,31,1
204,85,4
204,122,2
204,89,4
204,44,2
204,71,4
204,152,5
204,91,3
205,145,4
205,18,3
205,6,2
205,172,5
205,128,3
205,82,3
205,146,2
205,12,4
205,58,3
205,38,4
205,130,2
205,4,2
205,41,5
205,120,4
205,25,1
205,57,4
205,103,2
205,181,1
205,156,5
205,24,4
205,47,4
205,138,4
206,72,4
206,96,1
206,33,2
206,106,4
206,15,1
206,113,5
206,171,3
206,40,1
206,118,1
206,112,1
206,56,2
206,93,3
206,80,3
206,122,5
206,71,5
206,138,3
206,163,4
206,104,2
206,23,3
206,127,5
206,129,3
206,139,5
206,64,2
206,74,2
206,3,1
206,99,1
206,10,3
206,22,1
206,26,2
206,168,3
206,123,5
206,5,5
206,102,4
206,45,4
206,90,4
206,152,1
206,57,3
207,40,4
207,192,5
207,88,2
207,148,5
207,26,4
207,112,3
207,35,5
207,79,3
207,144,2
207,43,2
207,102,1
207,28,3
207,65,1
207,136,5
207,71,4
207,73,1
207,25,2
207,45,2
207,125,5
207,18,3
207,61,1
207,105,2
208,103,1
208,174,4
208,120,1
208,159,4
208,87,5
208,178,4
208,74,4
208,88,1
208,118,4
208,182,5
208,94,1
208,22,3
208,131,3
208,17,4
208,27,4
208,41,2
208,0,1
208,70,4
208,39,5
208,62,5
208,169,4
208,102,2
208,191,4
208,168,1
208,23,1
208,113,4
208,19,5
208,46,2
208,185,4
208,57,4
208,20,5
208,119,3
208,47,5
208,137,4
209,114,4
209,5,5
209,69,4
209,191,5
209,186,5
209,66,5
209,98,1
209,169,5
209,11,4
209,9,2
209,174,1
209,47,1
209,179,2
209,79,1
209,36,4
209,117,3
209,170,4
209,110,1
209,96,1
209,113,3
209,148,1
209,8,5
209,24,1
209,72,4
209,185,1
209,83,5
209,163,4
210,56,3
210,111,1
210,142,4
210,50,1
210,27,3
210,77,1
210,36,4
210,61,3
210,107,1
210,181,2
210,17,3
210,101,1
210,28,4
210,131,2
210,4,1
210,90,2
210,30,4
210,123,5
210,109,3
210,45,1
210,34,5
210,108,5
210,122,4
210,37,2
210,16,2
210,39,3
210,80,2
210,136,1
210,94,5
211,140,4
211,161,1
211,7,5
211,9,3
211,105,2
211,64,3
211,188,2
211,54,2
211,74,2
211,31,3
211,76,2
211,182,2
211,144,4
211,18,4
211,162,4
211,29,4
211,109,2
211,43,2
211,125,5
211,87,2
211,49,5
211,13,2
211,84,4
211,37,5
211,80,1
211,86,3
211,71,2
212,124,3
212,93,4
212,192,1
212,53,3
212,36,4
212,100,5
212,95,3
212,107,4
212,9,4
212,98,1
212,16,4
212,126,5
212,81,1
212,24,3
212,165,1
212,136,3
212,176,3
212,90,5
212,38,4
212,6,3
212,5,3
212,110,1
212,68,3
212,14,3
212,86,4
212,109,1
212,111,5
212,44,1
212,35,1
212,66,1
212,139,5
212,175,5
212,140,4
213,115,5
213,100,2
213,34,3
213,35,3
213,64,1
213,190,5
213,180,5
213,26,3
213,47,4
213,169,4
213,11,2
213,113,3
213,54,5
213,73,5
213,62,2
213,42,3
213,28,2
213,97,4
213,32,5
213,105,2
213,146,3
213,80,5
213,103,1
213,74,2
213,162,1
213,108,2
214,136,5
214,104,1
214,146,3
214,85,2
214,128,4
214,152,1
214,38,1
214,123,5
214,177,4
214,156,3
214,99,3
214,90,2
214,89,2
214,164,2
214,25,3
214,191,4
214,158,3
214,73,5
214,0,3
214,9,2
214,26,3
214,134,5
214,84,3
214,160,4
214,184,5
214,70,3
214,1,5
214,52,2
214,20,2
214,57,4
214,35,3
215,6,2
215,133,2
215,123,3
215,45,4
215,154,2
215,96,4
215,49,3
215,109,4
215,144,5
215,187,3
215,17,2
215,137,5
215,191,4
215,194,2
215,50,1
215,100,5
215,23,2
215,182,2
215,148,3
215,40,5
215,78,1
215,127,3
215,140,5
215,36,1
215,56,4
215,35,2
215,181,4
215,193,3
215,25,4
215,136,4
215,41,2
216,182,4
216,53,5
216,26,2
216,42,3
216,12,2
216,28,3
216,5,2
216,7,5
216,156,2
216,165,4
216,184,5
216,160,4
216,136,3
216,187,5
216,110,4
216,90,5
216,106,4
216,121,1
216,151,2
216,45,1
216,162,4
216,104,1
216,102,1
216,168,4
216,43,4
216,193,3
216,129,1
216,23,4
216,17,2
216,24,1
216,140,4
216,133,1
216,63,3
217,54,3
217,12,4
217,57,2
217,80,5
217,64,1
217,167,4
217,168,3
217,178,2
217,147,2
217,83,2
217,51,5
217,76,4
217,4,3
217,40,5
217,13,3
217,47,1
217,30,4
217,2,3
217,132,1
217,114,2
217,73,1
217,41,2
217,14,2
217,143,3
217,31,1
217,153,5
217,58,3
217,165,1
217,180,1
218,161,2
218,106,3
218,103,4
218,63,3
218,16,1
218,7,5
218,144,1
218,140,4
218,55,3
218,18,4
218,181,1
218,87,1
218,43,1
218,51,2
218,116,1
218,78,5
218,79,2
218,178,5
218,76,4
218,187,4
218,19,1
218,5,5
218,173,2
218,59,1
218,25,1
218,70,2
218,73,1
219,32,4
219,146,2
219,181,5
219,34,1
219,72,4
219,162,3
219,128,1
219,63,2
219,117,5
219,24,3
219,186,4
219,137,1
219,163,2
219,111,3
219,70,2
219,86,1
219,26,1
219,89,2
219,177,5
219,84,5
219,41,3
219,171,3
219,100,2
219,13,2
219,112,3
219,91,4
219,31,5
219,98,5
220,191,2
220,160,3
220,33,2
220,16,4
220,4,4
220,26,1
220,10,1
220,105,3
220,76,1
220,75,4
220,188,3
220,5,2
220,136,5
220,1,1
220,154,5
220,45,2
220,187,2
220,139,1
220,152,2
220,135,1
220,193,3
220,168,1
220,171,5
220,40,5
220,12,3
220,39,4
220,3,1
220,177,2
220,174,3
221,22,4
221,66,1
221,162,3
221,16,3
221,176,3
221,138,3
221,71,1
221,118,3
221,110,4
221,80,4
221,142,2
221,26,5
221,192,4
221,91,4
221,32,4
221,25,1
221,191,1
221,9,3
221,1,2
221,67,5
221,189,1
221,95,2
221,76,2
221,21,4
222,139,5
222,40,5
222,152,2
222,16,3
222,80,5
222,89,1
222,53,5
222,30,2
222,70,4
222,75,3
222,8,1
222,134,4
222,103,4
222,154,4
222,169,5
222,12,4
222,187,2
222,186,3
222,82,4
222,183,1
222,47,2
222,35,4
222,25,1
222,21,4
222,5,4
222,43,1
222,104,2
222,144,1
222,138,5
222,71,2
222,141,1
222,194,2
222,127,4
223,176,5
223,160,5
223,97,1
223,36,3
223,75,2
223,62,1
223,38,5
223,94,5
223,80,1
223,95,4
223,181,5
223,124,2
223,66,2
223,78,1
223,107,5
223,152,2
223,67,1
223,132,2
223,41,4
223,163,4
223,11,4
223,12,1
223,101,2
223,19,5
223,35,2
223,13,4
223,104,3
223,106,3
223,27,1
224,43,4
224,30,5
224,139,5
224,24,3
224,174,4
224,42,4
224,169,5
224,35,4
224,7,1
224,46,1
224,16,5
224,104,4
224,56,3
224,55,4
224,6,2
224,80,3
224,103,1
224,66,4
224,130,5
224,73,2
224,41,3
224,159,5
224,164,1
224,172,2
224,76,2
224,143,3
224,88,3
224,192,3
224,18,3
224,25,1
224,31,3
224,2,2
224,48,4
225,147,2
225,29,4
225,52,3
225,118,4
225,186,1
225,26,4
225,41,2
225,183,5
225,98,5
225,168,3
225,5,5
225,194,3
225,122,5
225,177,2
225,71,2
225,166,3
225,103,3
225,185,3
225,123,3
225,60,2
225,23,3
225,42,2
225,90,5
225,44,3
225,61,4
225,30,5
225,12,5
226,136,1
226,55,5
226,1,5
226,32,1
226,29,5
226,17,4
226,28,3
226,156,1
226,103,1
226,22,5
226,191,5
226,124,3
226,33,2
226,115,3
226,87,4
226,13,2
226,108,4
226,105,1
226,36,5
226,169,5
226,14,2
226,120,2
226,145,2
226,125,2
226,11,5
226,16,4
226,9,5
226,6,4
226,5,2
226,57,3
226,132,4
226,148,4
226,93,1
226,38,4
227,158,3
227,3,3
227,144,4
227,118,2
227,33,1
227,113,1
227,176,4
227,72,1
227,74,5
227,85,1
227,24,2
227,62,3
227,64,3
227,100,5
227,97,4
227,37,1
227,16,3
227,94,3
227,55,2
227,30,1
227,115,4
227,175,4
227,104,2
227,39,1
227,90,1
227,25,4
227,194,4
227,133,2
227,1,5
227,96,5
227,5,4
227,124,4
227,60,5
227,142,3
227,43,1
227,179,4
227,38,5
227,22,4
227,123,4
227,192,3
227,2,5
228,69,2
228,114,5
228,107,2
228,115,4
228,72,3
228,30,1
228,17,5
228,53,3
228,33,3
228,95,3
228,29,1
228,144,3
228,57,3
228,38,4
228,37,5
228,192,3
228,15,5
228,70,2
228,82,4
228,27,3
228,34,2
228,11,5
228,22,2
228,120,3
228,169,5
228,65,3
228,74,2
228,40,1
228,97,5
228,21,4
228,154,2
228,177,2
228,20,3
229,95,3
229,116,3
229,174,2
229,25,3
229,93,1
229,19,3
229,5,1
229,166,5
229,2,2
229,7,2
229,14,4
229,122,1
229,33,2
229,86,1
229,99,5
229,76,1
229,45,3
229,126,2
229,135,4
229,159,4
229,127,4
229,160,5
229,177,5
229,49,4
229,29,3
229,157,4
229,47,1
229,171,2
230,69,5
230,120,1
230,96,2
230,110,5
230,187,1
230,62,4
230,171,1
230,9,5
230,6,5
230,179,4
230,65,3
230,173,5
230,71,3
230,56,2
230,148,1
230,182,5
230,38,4
230,115,2
230,36,3
230,16,1
230,61,4
230,12,4
230,146,4
230,126,4
230,108,1
230,99,1
230,40,2
230,130,2
230,183,2
230,176,1
230,74,3
230,159,4
230,160,5
230,46,1
230,158,5
230,101,4
230,19,5
230,167,4
231,143,4
231,82,4
231,187,5
231,55,1
231,172,4
231,2,1
231,74,2
231,181,5
231,178,3
231,26,3
231,193,1
231,13,2
231,153,3
231,190,1
231,62,4
231,86,5
231,3,2
231,59,4
231,79,3
231,37,1
231,160,5
231,157,5
231,166,1
231,52,3
231,100,1
231,103,3
231,137,4
231,78,3
231,140,5
231,183,4
231,119,1
231,186,1
231,106,3
231,49,3
232,136,2
232,20,3
232,46,2
232,118,3
232,60,5
232,61,3
232,74,2
232,21,1
232,42,2
232,131,5
232,78,5
232,90,1
232,71,2
232,22,1
232,101,5
232,33,5
232,188,1
232,128,2
232,2,5
232,70,5
232,174,1
232,145,3
232,172,5
232,191,4
232,194,3
232,45,1
232,105,2
232,180,1
232,5,4
233,22,4
233,194,1
233,85,3
233,179,4
233,31,1
233,27,5
233,141,5
233,67,3
233,105,4
233,43,3
233,47,5
233,121,3
233,68,5
233,58,4
233,81,1
233,83,3
233,181,1
233,94,3
233,140,5
233,124,1
233,51,1
233,185,1
233,13,3
233,112,4
233,48,3
233,155,5
233,29,3
233,35,5
233,187,4
234,190,4
234,54,2
234,89,4
234,130,5
234,20,2
234,142,4
234,157,4
234,92,4
234,18,2
234,147,5
234,108,5
234,47,1
234,138,4
234,177,2
234,25,4
234,57,5
234,144,1
234,97,1
234,188,1
234,124,1
234,98,5
234,114,4
234,74,4
234,104,2
234,119,5
234,135,1
234,12,1
234,37,2
234,17,2
234,31,1
234,51,1
234,7,4
234,82,4
235,177,1
235,43,4
235,72,1
235,68,3
235,45,1
235,21,2
235,171,2
235,62,1
235,1,4
235,187,4
235,150,4
235,81,4
235,189,5
235,6,4
235,37,5
235,78,1
235,151,1
235,50,2
235,5,4
235,128,4
235,149,5
235,192,3
235,165,4
235,4,3
235,18,5
235,48,1
235,119,5
235,20,4
235,166,2
236,54,5
236,53,2
236,70,1
236,61,4
236,23,1
236,113,2
236,167,1
236,17,2
236,181,2
236,13,1
236,141,4
236,137,4
236,93,1
236,182,3
236,177,3
236,62,3
236,103,1
236,25,5
236,42,4
236,183,4
236,19,4
236,74,5
237,64,1
237,61,5
237,165,1
237,85,4
237,11,4
237,43,4
237,19,3
237,79,2
237,158,3
237,39,1
237,35,3
237,113,1
237,81,4
237,5,5
237,87,5
237,23,4
237,78,4
237,134,3
237,9,2
237,6,5
237,77,2
237,21,4
237,126,1
237,186,1
237,27,1
237,25,1
237,146,2
237,41,3
238,193,1
238,47,3
238,16,3
238,41,5
238,13,1
238,0,1
238,188,1
238,79,5
238,182,5
238,40,3
238,50,5
238,11,3
238,121,5
238,157,4
238,155,3
238,68,1
238,6,5
238,138,5
238,69,4
238,133,5
238,176,3
238,32,4
238,24,1
238,64,1
238,5,2
238,94,3
238,58,5
238,15,4
238,187,2
239,81,5
239,165,2
239,19,1
239,92,5
239,15,3
239,117,2
239,95,5
239,120,5
239,184,2
239,68,5
239,56,5
239,29,5
239,28,3
239,128,1
239,99,1
239,154,3
239,51,1
239,16,3
239,63,2
239,166,3
239,123,4
239,143,2
239,25,2
239,21,4
239,13,5
239,70,4
239,178,2
239,114,3
239,40,3
239,161,5
239,86,3
239,102,5
239,1,3
240,44,3
240,127,3
240,3,3
240,90,1
240,17,3
240,181,4
240,51,5
240,172,4
240,23,2
240,60,4
240,160,3
240,140,3
240,153,3
240,87,5
240,15,2
240,26,4
240,183,5
240,19,1
240,169,2
240,148,2
240,118,1
240,156,4
240,165,4
240,36,2
240,7,1
240,27,5
240,173,1
240,39,5
240,170,2
240,28,4
240,71,1
240,50,4
240,37,3
240,116,3
241,177,5
241,134,4
241,40,5
241,165,3
241,194,2
241,187,2
241,6,5
241,25,4
241,110,1
241,176,3
241,183,1
241,56,5
241,30,3
241,180,2
241,44,5
241,188,3
241,42,1
241,45,3
241,152,1
241,76,1
242,167,5
242,68,2
242,16,5
242,102,4
242,34,5
242,10,4
242,8,1
242,82,2
242,46,1
242,45,3
242,127,5
242,32,2
242,20,3
242,29,3
242,53,4
242,27,4
242,158,5
242,38,5
242,188,2
242,180,5
242,104,1
242,40,4
242,30,3
242,21,1
242,181,2
242,130,3
242,25,4
242,3,4
242,169,4
242,76,5
242,56,5
242,41,4
242,152,5
242,17,2
242,190,4
242,165,5
242,110,4
242,105,5
242,6,5
243,95,3
243,15,2
243,124,5
243,88,1
243,156,3
243,19,4
243,100,4
243,91,5
243,120,1
243,132,5
243,98,1
243,55,1
243,20,1
243,28,2
243,33,1
243,6,5
243,26,5
243,134,5
243,82,1
243,70,2
243,119,1
243,44,3
243,83,4
243,190,1
243,137,4
243,21,3
243,78,4
243,109,5
243,153,4
243,122,5
244,104,3
244,171,5
244,32,1
244,163,2
244,113,3
244,109,3
244,96,5
244,97,3
244,49,5
244,183,4
244,52,1
244,136,4
244,121,2
244,15,1
244,189,2
244,182,3
244,176,4
244,160,1
244,114,4
244,122,4
244,131,5
244,40,3
244,124,4
244,69,3
244,132,4
244,101,2
244,154,1
244,170,2
244,102,3
244,16,3
245,187,1
245,40,2
245,18,5
245,12,2
245,141,1
245,173,1
245,55,1
245,3,1
245,151,5
245,89,5
245,15,5
245,27,2
245,23,3
245,100,1
245,33,2
245,9,4
245,133,3
245,142,5
245,178,1
245,168,3
245,189,3
245,144,5
245,24,2
246,130,3
246,116,1
246,19,5
246,117,1
246,51,5
246,13,2
246,65,2
246,165,3
246,111,3
246,67,3
246,118,2
246,153,5
246,55,5
246,96,3
246,184,1
246,121,4
246,37,4
246,3,4
246,93,2
246,103,2
246,77,3
246,11,3
246,29,1
246,36,3
246,158,3
246,124,4
246,2,1
246,166,5
247,114,3
247,78,2
247,11,3
247,95,5
247,102,3
247,10,2
247,130,5
247,39,3
247,101,2
247,79,3
247,99,4
247,85,3
247,86,4
247,140,4
247,92,5
247,176,3
247,179,1
247,152,4
247,168,4
247,44,1
247,160,5
247,82,1
247,187,2
247,49,5
247,8,2
247,74,5
247,120,3
247,116,5
247,77,5
247,7,1
247,55,5
247,69,5
247,105,1
247,4,5
247,162,3
247,36,3
247,40,1
247,193,1
247,62,1
247,87,5
247,16,5
247,108,1
248,151,5
248,107,5
248,41,4
248,110,3
248,39,5
248,155,2
248,48,5
248,37,4
248,46,5
248,23,5
248,165,1
248,162,2
248,44,2
248,191,5
248,189,1
248,127,2
248,29,3
248,20,3
248,177,1
248,70,4
248,164,5
248,27,2
248,83,5
248,134,5
248,8,2
248,79,4
248,17,3
248,136,4
248,86,4
249,76,1
249,11,1
249,49,1
249,156,5
249,115,5
249,157,1
249,43,5
249,163,3
249,167,1
249,37,2
249,29,4
249,152,3
249,173,3
249,180,1
249,159,1
249,41,1
249,31,4
249,34,3
249,47,1
249,97,1
249,158,4
249,39,1
249,188,3
249,18,1
249,101,2
249,1,1
249,44,3
250,13,2
250,83,4
250,45,4
250,20,3
250,174,5
250,193,3
250,12,1
250,165,1
250,185,5
250,23,5
250,62,2
250,18,5
250,61,2
250,46,5
250,17,4
250,179,4
250,117,5
250,30,2
250,159,2
250,152,2
250,38,5
250,4,1
250,26,4
250,91,5
250,90,4
250,43,4
250,60,3
250,63,3
250,7,4
250,31,4
250,156,5
251,40,2
251,17,1
251,24,1
251,25,4
251,146,4
251,136,2
251,78,3
251,130,1
251,187,5
251,77,4
251,158,5
251,2,5
251,14,3
251,191,1
251,102,5
251,27,3
251,192,4
251,139,4
251,47,5
251,18,3
251,62,2
251,142,3
251,178,1
251,138,2
251,153,1
252,145,3
252,114,1
252,133,1
252,169,3
252,5,1
252,4,3
252,136,5
252,154,1
252,64,5
252,100,4
252,165,3
252,149,2
252,40,5
252,152,5
252,89,5
252,125,5
252,13,4
252,168,2
252,101,2
252,139,2
252,73,4
252,103,4
252,8,2
252,138,3
253,117,5
253,102,2
253,69,3
253,131,3
253,130,4
253,136,3
253,78,2
253,162,4
253,24,2
253,190,4
253,186,3
253,164,3
253,104,1
253,145,1
253,8,3
253,172,4
253,37,5
253,23,2
253,11,1
253,61,2
253,62,1
253,149,5
253,158,5
253,173,4
253,79,1
254,180,3
254,83,1
254,152,3
254,169,4
254,160,3
254,65,2
254,91,1
254,111,2
254,36,3
254,128,5
254,92,4
254,168,4
254,118,4
254,24,1
254,182,2
254,13,4
254,1,5
254,154,5
254,51,2
254,62,4
254,194,4
254,166,3
254,171,1
255,35,3
255,37,1
255,72,1
255,3,1
255,94,2
255,29,2
255,25,4
255,141,5
255,104,3
255,45,5
255,114,4
255,46,3
255,148,5
255,156,1
255,183,5
255,116,3
255,80,2
255,13,3
255,137,5
255,123,5
255,125,2
255,100,4
255,107,4
255,33,2
255,143,1
255,47,2
255,152,4
255,84,3
255,42,4
255,4,2
255,110,4
256,88,3
256,184,1
256,10,3
256,117,5
256,15,4
256,26,3
256,179,4
256,112,5
256,173,2
256,129,2
256,84,1
256,5,5
256,193,4
256,159,1
256,143,1
256,111,5
256,58,5
256,63,2
256,125,4
256,161,4
256,132,5
256,152,4
256,35,5
256,79,2
256,141,3
256,191,1
256,39,3
256,150,1
256,146,2
257,147,1
257,139,5
257,194,1
257,179,1
257,176,2
257,81,4
257,59,2
257,41,2
257,142,5
257,7,3
257,157,3
257,42,4
257,43,4
257,58,1
257,56,2
257,120,4
257,86,4
257,26,4
257,27,4
257,74,4
257,143,2
257,107,1
257,141,2
257,39,2
257,170,5
257,28,4
257,117,4
257,115,5
257,191,2
257,47,2
257,108,3
257,60,1
257,146,5
257,8,1
258,52,2
258,57,5
258,149,3
258,173,1
258,84,5
258,6,4
258,137,4
258,88,3
258,7,2
258,92,4
258,32,5
258,55,1
258,159,5
258,77,1
258,22,4
258,33,2
258,27,3
258,10,2
258,67,2
258,164,2
258,66,5
258,13,1
258,91,5
258,98,1
258,140,2
258,58,5
258,122,5
258,105,4
258,185,2
258,75,3
258,20,1
258,146,5
258,25,3
259,29,4
259,4,2
259,193,3
259,142,4
259,188,3
259,32,3
259,189,1
259,61,4
259,1,1
259,116,1
259,135,4
259,143,4
259,17,4
259,58,1
259,53,2
259,11,5
259,8,2
259,57,4
259,86,4
259,127,2
259,12,3
259,21,4
260,130,5
260,0,4
260,34,4
260,46,4
260,13,5
260,194,4
260,101,2
260,20,3
260,177,3
260,88,4
260,61,5
260,83,2
260,152,1
260,124,4
260,70,2
260,182,1
260,117,4
260,85,5
260,133,3
260,138,4
260,49,2
260,12,1
260,37,5
260,160,1
260,186,2
260,16,5
260,36,4
260,29,5
260,134,1
260,99,2
260,22,3
261,86,3
261,114,5
261,140,4
261,94,3
261,121,3
261,109,1
261,76,2
261,159,4
261,44,3
261,119,4
261,132,4
261,3,1
261,100,3
261,53,2
261,55,1
261,168,3
261,60,1
261,170,2
261,111,3
261,70,3
261,127,5
261,20,4
261,143,3
261,23,1
261,110,1
261,124,1
261,79,3
261,118,3
261,149,3
261,120,2
261,36,2
261,148,1
262,110,1
262,15,1
262,37,2
262,168,2
262,174,1
262,120,5
262,8,5
262,11,5
262,29,3
262,52,3
262,134,1
262,83,4
262,68,2
262,137,4
262,66,5
262,5,5
262,148,5
262,13,3
262,54,4
262,57,3
262,6,3
262,85,1
262,16,1
262,119,5
262,51,5
262,182,4
262,22,1
262,74,3
262,47,1
262,43,4
262,92,5
262,67,3
262,162,4
262,49,5
263,47,5
263,111,5
263,26,2
263,59,5
263,105,1
263,73,3
263,137,1
263,176,2
263,93,4
263,192,5
263,11,1
263,39,4
263,18,1
263,37,1
263,65,5
263,115,4
263,41,5
263,189,3
263,153,5
263,45,1
263,120,5
263,0,1
263,49,2
263,181,2
263,27,5
263,22,2
263,147,1
263,154,3
263,19,5
263,121,3
263,193,3
264,6,4
264,103,1
264,142,4
264,172,3
264,168,3
264,35,4
264,14,1
264,63,3
264,30,5
264,98,5
264,156,2
264,190,2
264,59,1
264,99,4
264,54,4
264,134,4
264,42,1
264,51,5
264,113,2
264,21,4
264,161,5
264,154,1
264,12,1
264,43,3
264,24,5
264,78,1
264,120,3
264,26,2
264,81,3
265,182,5
265,35,3
265,86,1
265,93,1
265,102,3
265,1,4
265,113,3
265,98,3
265,36,2
265,10,3
265,34,3
265,117,2
265,33,1
265,188,1
265,180,3
265,187,4
265,6,5
265,44,1
265,15,3
265,156,4
265,28,5
265,88,3
265,144,2
265,23,2
265,30,1
265,91,5
265,122,2
265,148,4
265,55,3
265,149,4
265,101,1
266,149,2
266,103,1
266,172,4
266,129,4
266,40,1
266,162,5
266,109,4
266,185,2
266,156,4
266,74,2
266,56,5
266,54,3
266,73,1
266,76,2
266,82,4
266,165,4
266,175,5
266,15,5
266,183,1
266,16,4
266,32,4
266,171,4
266,10,1
266,141,3
266,44,2
266,152,4
266,151,2
267,144,2
267,174,2
267,106,2
267,9,2
267,28,2
267,70,3
267,131,2
267,73,2
267,17,5
267,151,2
267,140,3
267,147,3
267,75,3
267,10,1
267,16,1
267,132,4
267,51,2
267,54,2
267,130,1
267,26,1
267,63,5
267,49,5
267,134,1
267,47,4
267,4,3
267,60,2
267,0,2
267,41,5
267,65,1
267,162,4
267,21,4
267,20,1
267,66,3
267,187,1
267,145,5
267,3,4
267,99,4
267,56,4
267,25,5
267,96,4
267,182,5
267,57,2
267,80,4
267,190,1
267,90,5
267,29,1
267,180,3
267,81,5
268,143,4
268,97,3
268,99,4
268,182,5
268,131,2
268,91,5
268,62,1
268,57,2
268,105,4
268,33,2
268,47,4
268,122,1
268,140,2
268,186,5
268,73,2
268,102,1
268,7,2
268,21,4
268,85,4
268,191,2
268,179,4
268,70,2
268,52,4
268,178,1
268,125,3
268,29,2
268,146,5
268,137,5
268,17,2
269,40,2
269,85,1
269,60,1
269,55,4
269,122,5
269,119,5
269,160,3
269,21,4
269,87,1
269,162,3
269,64,1
269,93,3
269,139,1
269,43,3
269,103,1
269,33,2
269,157,5
269,86,2
269,75,1
269,41,2
269,155,3
269,191,1
269,163,1
269,131,5
269,7,4
269,98,4
269,9,5
269,53,1
270,114,3
270,115,1
270,179,4
270,17,5
270,24,5
270,94,5
270,168,2
270,32,4
270,189,4
270,50,3
270,7,1
270,95,4
270,38,1
270,59,5
270,194,4
270,155,1
270,87,5
270,146,1
270,14,3
270,176,4
270,80,1
270,139,1
270,6,3
270,126,3
270,108,2
270,8,3
270,47,1
271,8,2
271,193,4
271,71,2
271,3,4
271,0,2
271,54,5
271,147,4
271,53,3
271,121,5
271,79,3
271,87,4
271,117,1
271,151,5
271,99,3
271,1,1
271,62,4
271,80,1
271,142,5
271,37,1
271,152,4
271,108,2
271,134,4
271,179,5
271,9,2
271,159,3
272,164,1
272,24,2
272,178,2
272,152,1
272,9,3
272,61,3
272,187,1
272,17,1
272,179,4
272,72,4
272,42,3
272,183,4
272,59,3
272,177,5
272,138,4
272,88,2
272,116,5
272,97,2
272,81,1
272,22,2
272,111,2
272,141,5
272,78,4
272,182,5
272,6,1
272,100,5
272,98,3
272,34,3
272,115,3
273,86,5
273,177,2
273,100,5
273,176,4
273,40,4
273,0,4
273,23,5
273,55,3
273,147,2
273,93,4
273,156,1
273,127,3
273,133,4
273,48,5
273,115,2
273,91,3
273,58,5
273,52,2
273,53,4
273,2,3
273,95,5
273,65,4
273,182,2
273,183,4
273,96,2
273,72,4
273,35,2
273,145,3
273,46,2
273,141,2
273,33,3
273,148,1
273,120,1
274,94,3
274,32,5
274,25,4
274,56,2
274,173,2
274,126,3
274,134,4
274,153,4
274,0,5
274,91,3
274,83,5
274,37,2
274,2,4
274,55,3
274,151,3
274,190,3
274,27,1
274,165,1
274,13,3
274,19,5
274,76,4
274,30,3
274,160,1
274,78,3
274,159,1
274,46,4
274,132,5
274,145,3
274,60,4
274,186,5
274,24,4
274,10,2
274,122,3
274,69,4
274,66,2
275,62,3
275,83,2
275,142,2
275,188,1
275,169,2
275,184,3
275,101,2
275,18,4
275,71,3
275,57,1
275,94,1
275,104,1
275,146,1
275,166,1
275,147,1
275,128,4
275,185,2
275,92,5
275,114,1
275,64,1
275,105,3
275,171,1
276,45,2
276,7,1
276,171,2
276,174,1
276,186,5
276,116,1
276,42,3
276,28,2
276,94,5
276,39,5
276,114,1
276,119,4
276,29,4
276,112,2
276,122,4
276,78,4
276,145,2
276,177,1
276,115,2
276,138,2
276,59,5
276,44,1
276,164,1
276,175,2
276,110,3
276,176,2
276,4,1
276,57,5
276,46,3
276,132,1
276,58,2
276,47,2
276,40,4
276,89,2
276,56,1
276,167,4
276,172,1
276,161,4
276,170,2
276,9,3
276,148,1
276,151,2
276,100,5
276,85,1
276,120,3
277,106,4
277,145,4
277,190,2
277,141,5
277,43,2
277,45,2
277,33,4
277,146,4
277,13,3
277,179,5
277,66,1
277,31,4
277,41,1
277,125,2
277,120,2
277,42,4
277,49,3
277,47,5
277,69,3
277,174,1
277,154,3
277,150,4
277,194,2
277,105,1
277,56,5
277,177,3
277,39,4
277,116,2
277,91,5
277,7,5
277,77,1
277,71,1
277,160,2
277,133,1
278,8,2
278,27,1
278,33,1
278,131,1
278,52,2
278,39,3
278,141,1
278,127,5
278,36,3
278,7,1
278,97,5
278,148,4
278,133,5
278,173,2
278,117,1
278,164,2
278,102,4
278,23,4
278,0,1
278,163,2
278,56,4
278,26,3
278,67,3
278,15,1
278,167,2
278,57,2
278,49,5
278,75,2
279,5,1
279,169,3
279,56,1
279,111,4
279,12,1
279,53,2
279,30,2
279,15,3
279,54,5
279,74,4
279,127,5
279,154,1
279,86,3
279,40,2
279,22,3
279,71,4
279,93,2
279,17,3
279,11,5
279,115,2
279,47,1
279,152,3
279,133,5
279,64,4
279,18,5
279,135,2
280,99,3
280,115,4
280,42,4
280,47,4
280,32,2
280,55,1
280,53,1
280,179,1
280,154,4
280,19,2
280,129,4
280,185,2
280,33,2
280,165,5
280,111,2
280,40,5
280,4,5
280,2,3
280,6,1
280,14,2
280,3,1
280,98,5
280,127,3
280,149,1
280,44,4
280,152,4
280,100,4
280,130,1
280,10,3
280,188,3
281,158,2
281,166,1
281,89,2
281,56,4
281,194,4
281,73,1
281,149,5
281,37,3
281,24,1
281,140,2
281,58,5
281,145,1
281,39,2
281,171,3
281,9,2
281,81,1
281,190,4
281,173,5
281,132,5
281,42,3
281,105,4
281,20,5
281,40,1
281,178,4
281,68,4
281,164,3
281,107,2
281,183,2
281,133,2
281,141,5
281,154,2
281,87,3
282,136,4
282,85,1
282,157,2
282,24,4
282,49,3
282,98,4
282,125,5
282,124,3
282,14,5
282,38,3
282,31,1
282,65,3
282,106,3
282,86,1
282,44,2
282,119,2
282,61,3
282,67,4
282,114,4
282,166,2
282,91,2
282,78,3
282,161,1
282,6,1
282,22,5
282,171,2
282,182,2
282,43,5
282,81,2
282,133,5
282,55,5
282,11,3
283,62,1
283,23,1
283,40,2
283,10,2
283,171,1
283,116,2
283,113,3
283,187,4
283,152,4
283,156,4
283,59,3
283,41,5
283,132,5
283,191,1
283,181,3
283,147,5
283,21,4
283,143,2
283,186,3
283,16,1
283,101,5
283,56,5
283,18,2
283,38,1
283,31,2
283,14,1
283,28,5
283,174,2
283,194,1
283,128,1
283,53,5
283,99,2
283,180,5
283,117,3
283,29,5
283,96,3
283,127,5
283,173,3
284,59,1
284,94,2
284,47,1
284,46,1
284,134,4
284,165,3
284,20,2
284,166,2
284,158,4
284,78,3
284,121,5
284,188,1
284,24,2
284,154,4
284,153,2
284,150,5
284,149,2
284,90,3
284,110,2
284,70,3
284,21,5
284,34,2
284,49,1
285,145,1
285,64,2
285,111,2
285,109,5
285,69,4
285,132,4
285,8,2
285,129,3
285,3,5
285,193,5
285,27,5
285,45,4
285,189,4
285,84,5
285,120,4
285,23,3
285,162,5
285,57,3
285,12,1
285,20,2
285,141,1
285,191,5
285,17,1
285,127,2
285,37,1
285,182,4
285,0,3
285,128,1
285,59,4
285,122,5
286,163,1
286,41,3
286,4,3
286,96,3
286,152,1
286,145,2
286,183,5
286,169,2
286,129,5
286,57,4
286,81,3
286,40,5
286,14,1
286,192,1
286,28,4
286,73,4
286,117,5
286,158,4
286,5,5
286,68,4
286,20,4
286,101,1
286,7,4
286,156,2
286,16,5
286,135,1
286,6,2
286,37,2
286,31,5
286,54,1
286,1,1
286,64,1
286,53,5
286,15,3
286,89,2
286,181,4
287,34,5
287,193,5
287,78,1
287,7,2
287,182,3
287,109,2
287,112,4
287,65,5
287,11,1
287,18,1
287,104,1
287,156,3
287,17,5
287,94,4
287,31,3
287,110,2
287,15,5
287,43,4
287,71,2
287,74,3
287,47,2
287,19,5
287,163,5
287,37,3
287,33,3
287,8,1
287,73,1
287,172,4
287,92,1
287,154,5
287,12,5
287,55,2
287,103,1
287,21,3
287,116,1
287,85,4
288,90,4
288,4,1
288,163,5
288,105,3
288,98,3
288,136,3
288,154,1
288,47,1
288,78,1
288,101,4
288,25,1
288,74,1
288,127,3
288,134,2
288,191,5
288,93,4
288,175,4
288,173,5
288,54,3
288,77,1
288,91,5
288,151,3
288,6,3
288,17,5
288,14,5
288,24,3
288,69,5
288,124,1
288,174,2
288,183,2
288,171,5
288,181,2
288,107,4
288,31,5
288,0,4
288,35,1
288,29,1
289,172,2
289,52,5
289,181,3
289,68,3
289,19,3
289,8,2
289,69,5
289,23,1
289,130,1
289,42,2
289,189,4
289,100,2
289,74,3
289,76,4
289,50,3
289,117,4
289,86,3
289,170,2
289,132,2
289,162,5
289,63,2
289,138,4
289,182,5
289,56,1
289,12,4
289,96,2
289,155,2
289,128,1
289,190,4
289,41,2
289,137,4
289,22,2
289,140,1
289,174,5
289,90,1
289,3,5
289,58,5
290,10,3
290,158,3
290,100,2
290,183,3
290,103,4
290,87,5
290,41,2
290,36,4
290,18,3
290,69,2
290,109,1
290,177,1
290,35,4
290,47,2
290,79,2
290,22,4
290,46,3
290,84,2
290,55,4
290,152,1
290,29,4
290,50,4
290,99,3
290,97,4
290,184,1
290,142,5
290,179,5
290,21,3
290,4,1
290,15,5
290,143,2
291,44,5
291,148,4
291,18,2
291,75,1
291,64,2
291,40,5
291,53,3
291,91,3
291,9,2
291,90,1
291,101,1
291,139,1
291,89,3
291,41,4
291,7,4
291,161,3
291,126,3
291,193,1
291,178,2
291,17,3
291,20,4
291,48,4
291,69,4
292,147,5
292,99,5
292,159,2
292,125,5
292,56,1
292,84,4
292,92,4
292,111,2
292,167,3
292,158,1
292,47,3
292,97,2
292,134,4
292,31,5
292,70,4
292,187,1
292,102,5
292,19,2
292,37,4
292,38,2
292,14,1
292,88,5
292,2,3
292,175,2
292,152,4
292,96,5
292,46,2
292,137,5
292,35,1
292,52,5
293,14,1
293,145,2
293,95,2
293,53,1
293,113,4
293,7,4
293,84,4
293,9,5
293,87,4
293,151,2
293,31,3
293,57,5
293,134,4
293,139,2
293,43,4
293,103,2
293,59,4
293,174,4
293,79,5
293,65,1
293,106,2
293,175,2
293,142,2
293,30,4
293,61,3
294,158,1
294,45,4
294,155,4
294,68,5
294,58,4
294,75,4
294,33,4
294,150,3
294,99,2
294,35,4
294,130,1
294,116,3
294,138,4
294,83,1
294,46,1
294,25,4
294,43,1
294,51,4
294,16,2
294,100,1
294,133,2
294,161,5
294,37,5
294,11,4
294,176,5
294,13,2
294,6,5
294,131,1
294,112,3
294,107,4
294,28,4
294,193,4
294,30,4
294,73,2
294,120,1
294,18,3
294,93,4
294,163,4
294,86,2
295,165,3
295,178,1
295,68,2
295,127,2
295,97,5
295,147,4
295,13,1
295,6,1
295,62,2
295,54,2
295,128,1
295,73,4
295,32,5
295,42,3
295,16,3
295,107,5
295,2,2
295,60,3
295,130,1
295,101,4
295,110,1
295,145,5
295,89,3
295,71,5
295,163,1
295,82,1
295,3,1
295,27,5
295,99,3
295,160,5
296,194,4
296,71,1
296,102,3
296,119,2
296,6,5
296,29,4
296,16,4
296,177,2
296,13,2
296,81,2
296,18,4
296,45,2
296,118,1
296,162,2
296,30,2
296,101,4
296,69,2
296,21,2
296,174,2
296,108,2
296,97,2
296,64,3
296,125,4
296,85,3
296,156,5
296,37,5
296,17,3
296,113,2
297,189,2
297,77,4
297,46,4
297,92,4
297,28,5
297,104,1
297,27,2
297,4,5
297,105,4
297,22,4
297,38,3
297,107,3
297,2,1
297,191,4
297,40,5
297,88,2
297,54,3
297,95,3
297,39,4
297,47,4
297,170,4
297,14,3
297,102,5
297,15,1
297,34,2
297,41,1
297,187,2
297,56,4
297,137,1
297,11,5
297,23,1
297,7,5
298,140,4
298,15,5
298,25,3
298,88,5
298,41,4
298,159,1
298,137,5
298,117,5
298,126,1
298,143,5
298,47,3
298,171,4
298,43,4
298,120,2
298,45,4
298,2,3
298,83,5
298,163,1
298,6,5
298,176,4
298,39,4
298,147,4
298,34,1
298,60,5
298,73,2
298,112,2
298,1,4
298,59,5
298,155,4
299,25,2
299,29,5
299,49,4
299,100,2
299,30,2
299,95,3
299,13,1
299,66,5
299,153,3
299,12,3
299,86,3
299,146,3
299,17,1
299,47,2
299,19,3
299,8,4
299,109,1
299,178,1
299,21,5
299,133,2
299,85,4
299,72,4
299,189,5
299,41,1
299,101,4
299,80,2
299,121,3
299,188,1
299,182,1
299,40,2
299,37,3
299,28,2
299,105,3
300,7,2
300,26,3
300,69,4
300,5,4
300,90,5
300,148,4
300,144,5
300,107,2
300,129,3
300,8,1
300,128,1
300,193,5
300,45,4
300,151,4
300,60,4
300,168,1
300,108,5
300,103,5
300,35,2
300,64,4
300,116,3
300,84,4
300,163,2
